day,level,e,n_informing,model,split,window
17311,0.95,,0,engine,validation,0
17312,0.95,,0,engine,validation,0
17313,0.95,,0,engine,validation,0
17314,0.95,,0,engine,validation,0
17315,0.95,,0,engine,validation,0
17316,0.95,,0,engine,validation,0
17317,0.95,,0,engine,validation,0
17318,0.95,,0,engine,validation,0
17319,0.95,,0,engine,validation,0
17320,0.95,,0,engine,validation,0
17321,0.95,,0,engine,validation,0
17322,0.95,,0,engine,validation,0
17323,0.95,,0,engine,validation,0
17324,0.95,,0,engine,validation,0
17325,0.95,,0,engine,validation,0
17326,0.95,,0,engine,validation,0
17327,0.95,,0,engine,validation,0
17328,0.95,0.0,1,engine,validation,0
17329,0.9475,,0,engine,validation,0
17330,0.9475,0.0,1,engine,validation,0
17331,0.945,0.0,4,engine,validation,0
17332,0.9425,0.0,4,engine,validation,0
17333,0.94,0.0,7,engine,validation,0
17334,0.9375,0.11764705882352941,17,engine,validation,0
17335,0.9408823529411765,0.07692307692307693,13,engine,validation,0
17336,0.9422285067873303,0.08,25,engine,validation,0
17337,0.9437285067873303,0.023809523809523808,42,engine,validation,0
17338,0.9424189829778065,0.0,47,engine,validation,0
17339,0.9399189829778065,0.0,45,engine,validation,0
17340,0.9374189829778065,0.016666666666666666,60,engine,validation,0
17341,0.9357523163111399,0.015625,64,engine,validation,0
17342,0.9340335663111399,0.015384615384615385,65,engine,validation,0
17343,0.9323027970803706,0.014285714285714285,70,engine,validation,0
17344,0.9305170827946563,0.013513513513513514,74,engine,validation,0
17345,0.928692758470332,0.033707865168539325,89,engine,validation,0
17346,0.927878151728759,0.0136986301369863,73,engine,validation,0
17347,0.9260630832356083,0.0379746835443038,79,engine,validation,0
17348,0.9254618174128234,0.01098901098901099,91,engine,validation,0
17349,0.923511267962274,0.022727272727272728,88,engine,validation,0
17350,0.9221476315986377,0.03409090909090909,88,engine,validation,0
17351,0.9213521770531831,0.011111111111111112,90,engine,validation,0
17352,0.9194077326087386,0.0,110,engine,validation,0
17353,0.9169077326087387,0.0125,80,engine,validation,0
17354,0.9150327326087386,0.010869565217391304,92,engine,validation,0
17355,0.9130762108696082,0.0,98,engine,validation,0
17356,0.9105762108696082,0.012195121951219513,82,engine,validation,0
17357,0.9086859669671692,0.020833333333333332,96,engine,validation,0
17358,0.9072276336338359,0.019417475728155338,103,engine,validation,0
17359,0.9056985074202436,0.0,141,engine,validation,0
17360,0.9031985074202435,0.00980392156862745,102,engine,validation,0
17361,0.901188703498675,0.017543859649122806,114,engine,validation,0
17362,0.899565896481131,0.008620689655172414,116,engine,validation,0
17363,0.8974969309638897,0.008771929824561403,114,engine,validation,0
17364,0.8954355274551178,0.018518518518518517,108,engine,validation,0
17365,0.8938614533810437,0.023255813953488372,129,engine,validation,0
17366,0.8925242440787181,0.016,125,engine,validation,0
17367,0.8908242440787182,0.026845637583892617,149,engine,validation,0
17368,0.8896665259579127,0.0,110,engine,validation,0
17369,0.8871665259579128,0.026845637583892617,149,engine,validation,0
17370,0.8860088078371073,0.0072992700729927005,137,engine,validation,0
17371,0.8838737713407571,0.014285714285714285,140,engine,validation,0
17372,0.8820880570550428,0.022727272727272728,132,engine,validation,0
17373,0.8807244206914064,0.008264462809917356,121,engine,validation,0
17374,0.8786376438319022,0.024390243902439025,164,engine,validation,0
17375,0.8773571560270242,0.04487179487179487,156,engine,validation,0
17376,0.8771007457706139,0.02097902097902098,143,engine,validation,0
17377,0.8756496968195651,0.01282051282051282,156,engine,validation,0
17378,0.8737907224605906,0.017964071856287425,167,engine,validation,0
17379,0.872188926053405,0.005555555555555556,180,engine,validation,0
17380,0.8699667038311828,0.006711409395973154,149,engine,validation,0
17381,0.8678022743009814,0.03048780487804878,164,engine,validation,0
17382,0.8668266645448839,0.0056179775280898875,178,engine,validation,0
17383,0.8646075634212884,0.01639344262295082,183,engine,validation,0
17384,0.8629272355524359,0.031413612565445025,191,engine,validation,0
17385,0.8619979161807082,0.03664921465968586,191,engine,validation,0
17386,0.8613303769136924,0.04678362573099415,171,engine,validation,0
17387,0.8611695582002421,0.025477707006369428,157,engine,validation,0
17388,0.8599434435505606,0.037037037037037035,162,engine,validation,0
17389,0.8592952954024125,0.04285714285714286,210,engine,validation,0
17390,0.8589381525452696,0.021739130434782608,184,engine,validation,0
17391,0.8575251090670087,0.060109289617486336,183,engine,validation,0
17392,0.858030573547883,0.07272727272727272,165,engine,validation,0
17393,0.8591669371842467,0.05263157894736842,190,engine,validation,0
17394,0.8592985161316151,0.09090909090909091,165,engine,validation,0
17395,0.8613439706770697,0.053475935828877004,187,engine,validation,0
17396,0.8615177674685135,0.08917197452229299,157,engine,validation,0
17397,0.8634763661946282,0.06878306878306878,189,engine,validation,0
17398,0.8644155196337816,0.07017543859649122,171,engine,validation,0
17399,0.8654242915636061,0.09659090909090909,176,engine,validation,0
17400,0.8677538370181517,0.09090909090909091,143,engine,validation,0
17401,0.8697992915636061,0.059602649006622516,151,engine,validation,0
17402,0.8702794240139373,0.0658682634730539,167,engine,validation,0
17403,0.87107283718759,0.13664596273291926,161,engine,validation,0
17404,0.8754051353242359,0.09615384615384616,156,engine,validation,0
17405,0.8777128276319283,0.09917355371900827,121,engine,validation,0
17406,0.8801715053178787,0.08609271523178808,151,engine,validation,0
17407,0.8819761410794681,0.0661764705882353,136,engine,validation,0
17408,0.8827849646088798,0.047619047619047616,147,engine,validation,0
17409,0.8826659169898322,0.09420289855072464,138,engine,validation,0
17410,0.8848760619173685,0.109375,128,engine,validation,0
17411,0.8878448119173684,0.0661764705882353,136,engine,validation,0
17412,0.8886536354467802,0.0990990990990991,111,engine,validation,0
17413,0.8911085904017352,0.10218978102189781,137,engine,validation,0
17414,0.8937180794528301,0.07476635514018691,107,engine,validation,0
17415,0.8949563972098394,0.18487394957983194,119,engine,validation,0
17416,0.9017000946888309,0.0743801652892562,121,engine,validation,0
17417,0.9029191029532938,0.08163265306122448,98,engine,validation,0
17418,0.904500735606355,0.08547008547008547,117,engine,validation,0
17419,0.9062742398798593,0.09345794392523364,107,engine,validation,0
17420,0.908447137076121,0.17094017094017094,117,engine,validation,0
17421,0.9144941456231295,0.09174311926605505,109,engine,validation,0
17422,0.9165813015864323,0.11304347826086956,115,engine,validation,0
17423,0.9197334754994757,0.10833333333333334,120,engine,validation,0
17424,0.9226501421661424,0.06299212598425197,127,engine,validation,0
17425,0.923299748465355,0.05128205128205128,117,engine,validation,0
17426,0.9233638510294576,0.08088235294117647,136,engine,validation,0
17427,0.9249079686765164,0.05454545454545454,110,engine,validation,0
17428,0.9251352414037891,0.07692307692307693,130,engine,validation,0
17429,0.926481395249943,0.047619047619047616,126,engine,validation,0
17430,0.9263623476308953,0.06504065040650407,123,engine,validation,0
17431,0.9271143801512206,0.046875,128,engine,validation,0
17432,0.9269581301512205,0.07751937984496124,129,engine,validation,0
17433,0.9283340991434686,0.1322314049586777,121,engine,validation,0
17434,0.9324456693914025,0.12096774193548387,124,engine,validation,0
17435,0.9359940564881767,0.11724137931034483,145,engine,validation,0
17436,0.939356125453694,0.0684931506849315,146,engine,validation,0
17437,0.9402807829879405,0.05084745762711865,177,engine,validation,0
17438,0.9403231558692965,0.08383233532934131,167,engine,validation,0
17439,0.9420147726357635,0.06666666666666667,150,engine,validation,0
17440,0.9428481059690969,0.09316770186335403,161,engine,validation,0
17441,0.9450064910622645,0.13142857142857142,175,engine,validation,0
17442,0.9490779196336931,0.10559006211180125,161,engine,validation,0
17443,0.9518574227392832,0.1111111111111111,144,engine,validation,0
17444,0.9549129782948388,0.10948905109489052,137,engine,validation,0
17445,0.9578874308495833,0.09316770186335403,161,engine,validation,0
17446,0.960045815942751,0.1366906474820144,139,engine,validation,0
17447,0.9643803483168517,0.14685314685314685,143,engine,validation,0
17448,0.969223005659509,0.11016949152542373,118,engine,validation,0
17449,0.9722314802357802,0.1223021582733813,139,engine,validation,0
17450,0.9758465881494492,0.07692307692307693,117,engine,validation,0
17451,0.9771927419956031,0.08633093525179857,139,engine,validation,0
17452,0.979009288758193,0.11278195488721804,133,engine,validation,0
17453,0.982148386502554,0.07086614173228346,127,engine,validation,0
17454,0.9831916935891681,0.08843537414965986,147,engine,validation,0
17455,0.9851134622966511,0.08849557522123894,113,engine,validation,0
17456,0.9870382410577131,0.08461538461538462,130,engine,validation,0
17457,0.9887690102884823,0.13392857142857142,112,engine,validation,0
17458,0.9929654388599108,0.06796116504854369,103,engine,validation,0
17459,0.9938634971123381,0.07751937984496124,129,engine,validation,0
17460,0.995,0.06593406593406594,91,engine,validation,0
17461,0.995,0.05426356589147287,129,engine,validation,0
17462,0.995,0.08620689655172414,116,engine,validation,0
17463,0.995,0.08943089430894309,123,engine,validation,0
17464,0.995,0.11458333333333333,96,engine,validation,0
17465,0.995,0.05319148936170213,94,engine,validation,0
17466,0.995,0.08333333333333333,96,engine,validation,0
17467,0.995,0.07,100,engine,validation,0
17468,0.995,0.058823529411764705,102,engine,validation,0
17469,0.995,0.046296296296296294,108,engine,validation,0
17470,0.995,0.05319148936170213,94,engine,validation,0
17471,0.995,0.05434782608695652,92,engine,validation,0
17472,0.995,0.031578947368421054,95,engine,validation,0
17473,0.995,0.05319148936170213,94,engine,validation,0
17474,0.995,0.036036036036036036,111,engine,validation,0
17475,0.995,0.0379746835443038,79,engine,validation,0
17476,0.995,0.07894736842105263,76,engine,validation,0
17477,0.995,0.056179775280898875,89,engine,validation,0
17478,0.995,0.0,78,engine,validation,0
17479,0.995,0.024691358024691357,81,engine,validation,0
17480,0.995,0.01282051282051282,78,engine,validation,0
17481,0.995,0.0,94,engine,validation,0
17482,0.995,0.012195121951219513,82,engine,validation,0
17483,0.995,0.02197802197802198,91,engine,validation,0
17484,0.9949992678374938,0.042105263157894736,95,engine,validation,0
17364,0.95,,0,engine,validation,1
17365,0.95,,0,engine,validation,1
17366,0.95,,0,engine,validation,1
17367,0.95,,0,engine,validation,1
17368,0.95,,0,engine,validation,1
17369,0.95,,0,engine,validation,1
17370,0.95,,0,engine,validation,1
17371,0.95,,0,engine,validation,1
17372,0.95,,0,engine,validation,1
17373,0.95,,0,engine,validation,1
17374,0.95,,0,engine,validation,1
17375,0.95,,0,engine,validation,1
17376,0.95,,0,engine,validation,1
17377,0.95,,0,engine,validation,1
17378,0.95,,0,engine,validation,1
17379,0.95,0.0,6,engine,validation,1
17380,0.9475,0.0,8,engine,validation,1
17381,0.945,0.0,22,engine,validation,1
17382,0.9425,0.07692307692307693,13,engine,validation,1
17383,0.9438461538461538,0.0,22,engine,validation,1
17384,0.9413461538461538,0.030303030303030304,33,engine,validation,1
17385,0.9403613053613054,0.0,42,engine,validation,1
17386,0.9378613053613053,0.0,59,engine,validation,1
17387,0.9353613053613054,0.020833333333333332,48,engine,validation,1
17388,0.933902972027972,0.037037037037037035,81,engine,validation,1
17389,0.9332548238798238,0.0,77,engine,validation,1
17390,0.9307548238798239,0.011235955056179775,89,engine,validation,1
17391,0.9288166216326328,0.019230769230769232,104,engine,validation,1
17392,0.9272781600941713,0.0,85,engine,validation,1
17393,0.9247781600941714,0.056,125,engine,validation,1
17394,0.9250781600941713,0.021897810218978103,137,engine,validation,1
17395,0.9236730506051202,0.013071895424836602,153,engine,validation,1
17396,0.921826645376362,0.006289308176100629,159,engine,validation,1
17397,0.9196411107851671,0.04878048780487805,123,engine,validation,1
17398,0.9195801351754109,0.029411764705882353,136,engine,validation,1
17399,0.9185507234107051,0.02142857142857143,140,engine,validation,1
17400,0.9171221519821336,0.025,160,engine,validation,1
17401,0.9158721519821337,0.04054054054054054,148,engine,validation,1
17402,0.9153991790091607,0.02877697841726619,139,engine,validation,1
17403,0.9143380279300239,0.011428571428571429,175,engine,validation,1
17404,0.9124094565014526,0.0223463687150838,179,engine,validation,1
17405,0.9110267749372067,0.042682926829268296,164,engine,validation,1
17406,0.9106609212786702,0.030303030303030304,198,engine,validation,1
17407,0.9096760727938217,0.03592814371257485,167,engine,validation,1
17408,0.9089724799794504,0.047872340425531915,188,engine,validation,1
17409,0.908866097000727,0.040229885057471264,174,engine,validation,1
17410,0.9083775912536005,0.042328042328042326,189,engine,validation,1
17411,0.9079939933700026,0.03977272727272727,176,engine,validation,1
17412,0.907482629733639,0.06666666666666667,165,engine,validation,1
17413,0.9083159630669724,0.032467532467532464,154,engine,validation,1
17414,0.907439339690349,0.045454545454545456,154,engine,validation,1
17415,0.9072120669630763,0.03676470588235294,136,engine,validation,1
17416,0.9065503022571939,0.035211267605633804,142,engine,validation,1
17417,0.9058108656374756,0.09917355371900827,121,engine,validation,1
17418,0.908269543323426,0.08333333333333333,120,engine,validation,1
17419,0.9099362099900927,0.075,120,engine,validation,1
17420,0.9111862099900927,0.104,125,engine,validation,1
17421,0.9138862099900926,0.0851063829787234,141,engine,validation,1
17422,0.9156415291390289,0.09009009009009009,111,engine,validation,1
17423,0.9176460336435334,0.022900763358778626,131,engine,validation,1
17424,0.9162910718114723,0.045112781954887216,133,engine,validation,1
17425,0.9160467109092166,0.07874015748031496,127,engine,validation,1
17426,0.9174837187832324,0.058394160583941604,137,engine,validation,1
17427,0.9179034268124294,0.07751937984496124,129,engine,validation,1
17428,0.9192793958046775,0.07092198581560284,141,engine,validation,1
17429,0.9203254950954577,0.05555555555555555,126,engine,validation,1
17430,0.9206032728732354,0.026143790849673203,153,engine,validation,1
17431,0.9194104624157191,0.02608695652173913,115,engine,validation,1
17432,0.9182148102418061,0.029197080291970802,137,engine,validation,1
17433,0.9171746642564046,0.06622516556291391,151,engine,validation,1
17434,0.9179859225345504,0.044444444444444446,135,engine,validation,1
17435,0.9177081447567725,0.088,125,engine,validation,1
17436,0.9196081447567725,0.1032258064516129,155,engine,validation,1
17437,0.9222694350793532,0.05333333333333334,150,engine,validation,1
17438,0.9224361017460199,0.08823529411764706,170,engine,validation,1
17439,0.9243478664519021,0.05517241379310345,145,engine,validation,1
17440,0.9246064871415574,0.06818181818181818,132,engine,validation,1
17441,0.9255155780506482,0.07975460122699386,163,engine,validation,1
17442,0.9270033081119979,0.09202453987730061,163,engine,validation,1
17443,0.929104535105863,0.07947019867549669,151,engine,validation,1
17444,0.9305780450396378,0.11278195488721804,133,engine,validation,1
17445,0.9337171427839988,0.06578947368421052,152,engine,validation,1
17446,0.9345066164682092,0.09090909090909091,165,engine,validation,1
17447,0.9365520710136638,0.11428571428571428,140,engine,validation,1
17448,0.9397663567279495,0.11888111888111888,143,engine,validation,1
17449,0.9432104126720054,0.1044776119402985,134,engine,validation,1
17450,0.9459342932690203,0.07142857142857142,126,engine,validation,1
17451,0.947005721840449,0.07042253521126761,142,engine,validation,1
17452,0.9480268486010123,0.07407407407407407,135,engine,validation,1
17453,0.949230552304716,0.08609271523178808,151,engine,validation,1
17454,0.9510351880663054,0.0763888888888889,144,engine,validation,1
17455,0.9523546325107498,0.07857142857142857,140,engine,validation,1
17456,0.9537832039393213,0.12686567164179105,134,engine,validation,1
17457,0.9576264875214109,0.05343511450381679,131,engine,validation,1
17458,0.9577982432466017,0.11666666666666667,120,engine,validation,1
17459,0.961131576579935,0.09848484848484848,132,engine,validation,1
17460,0.9635558190041774,0.04918032786885246,122,engine,validation,1
17461,0.9635148353976201,0.09375,128,engine,validation,1
17462,0.9657023353976201,0.10294117647058823,136,engine,validation,1
17463,0.9683493942211495,0.09420289855072464,138,engine,validation,1
17464,0.9705595391486858,0.05660377358490566,106,engine,validation,1
17465,0.970889727827931,0.112,125,engine,validation,1
17466,0.973989727827931,0.06015037593984962,133,engine,validation,1
17467,0.9744972466249234,0.05343511450381679,131,engine,validation,1
17468,0.9746690023501143,0.047619047619047616,126,engine,validation,1
17469,0.9745499547310666,0.11304347826086956,115,engine,validation,1
17470,0.9777021286441102,0.03731343283582089,134,engine,validation,1
17471,0.9770678002859012,0.023076923076923078,130,engine,validation,1
17472,0.9757216464397473,0.06722689075630252,119,engine,validation,1
17473,0.9765829909775625,0.05755395683453238,139,engine,validation,1
17474,0.9769606888192891,0.046875,128,engine,validation,1
17475,0.9768044388192891,0.03508771929824561,114,engine,validation,1
17476,0.9760588247842014,0.041666666666666664,120,engine,validation,1
17477,0.9756421581175347,0.06870229007633588,131,engine,validation,1
17478,0.9765772726213515,0.03225806451612903,124,engine,validation,1
17479,0.975690175847158,0.03571428571428571,112,engine,validation,1
17480,0.9749758901328722,0.043478260869565216,115,engine,validation,1
17481,0.9746498031763505,0.08547008547008547,117,engine,validation,1
17482,0.9764233074498548,0.064,125,engine,validation,1
17483,0.9771233074498548,0.06153846153846154,130,engine,validation,1
17484,0.9777002305267779,0.08411214953271028,107,engine,validation,1
17485,0.9794058380034134,0.034482758620689655,116,engine,validation,1
17486,0.9786299759344479,0.03333333333333333,120,engine,validation,1
17487,0.9777966426011145,0.02857142857142857,105,engine,validation,1
17488,0.9767252140296859,0.034782608695652174,115,engine,validation,1
17489,0.9759643444644686,0.043478260869565216,92,engine,validation,1
17490,0.9756382575079469,0.04807692307692308,104,engine,validation,1
17491,0.975542103661793,0.043478260869565216,115,engine,validation,1
17492,0.9752160167052712,0.008928571428571428,112,engine,validation,1
17493,0.9731624452766998,0.03968253968253968,126,engine,validation,1
17494,0.9726465722608268,0.058823529411764705,153,engine,validation,1
17495,0.973087748731415,0.06293706293706294,143,engine,validation,1
17496,0.9737346018782682,0.05384615384615385,130,engine,validation,1
17497,0.9739269095705759,0.04964539007092199,141,engine,validation,1
17498,0.973909179074122,0.08176100628930817,159,engine,validation,1
17499,0.9754972293885874,0.031446540880503145,159,engine,validation,1
17500,0.9745695564326126,0.040268456375838924,149,engine,validation,1
17501,0.9740829792514045,0.02112676056338028,142,engine,validation,1
17502,0.9726393172795735,0.011695906432748537,171,engine,validation,1
17503,0.9707241126012109,0.03076923076923077,130,engine,validation,1
17504,0.9697625741396725,0.03184713375796178,157,engine,validation,1
17505,0.9688549308275706,0.03870967741935484,155,engine,validation,1
17506,0.9682904146985383,0.038461538461538464,182,engine,validation,1
17507,0.9677134916216152,0.05555555555555555,180,engine,validation,1
17508,0.967991269399393,0.038461538461538464,208,engine,validation,1
17509,0.9674143463224699,0.046948356807511735,213,engine,validation,1
17510,0.9672617641628455,0.057777777777777775,225,engine,validation,1
17511,0.9676506530517344,0.09821428571428571,224,engine,validation,1
17391,0.95,,0,engine,validation,2
17392,0.95,,0,engine,validation,2
17393,0.95,,0,engine,validation,2
17394,0.95,,0,engine,validation,2
17395,0.95,,0,engine,validation,2
17396,0.95,,0,engine,validation,2
17397,0.95,,0,engine,validation,2
17398,0.95,,0,engine,validation,2
17399,0.95,,0,engine,validation,2
17400,0.95,,0,engine,validation,2
17401,0.95,,0,engine,validation,2
17402,0.95,,0,engine,validation,2
17403,0.95,0.0,2,engine,validation,2
17404,0.9475,0.0,8,engine,validation,2
17405,0.945,0.0,13,engine,validation,2
17406,0.9425,0.047619047619047616,21,engine,validation,2
17407,0.9423809523809523,0.034482758620689655,29,engine,validation,2
17408,0.9416050903119868,0.0,32,engine,validation,2
17409,0.9391050903119869,0.02631578947368421,38,engine,validation,2
17410,0.9379208797856711,0.017857142857142856,56,engine,validation,2
17411,0.9363137369285282,0.016666666666666666,60,engine,validation,2
17412,0.9346470702618616,0.0,73,engine,validation,2
17413,0.9321470702618615,0.012658227848101266,79,engine,validation,2
17414,0.9302799816542666,0.04424778761061947,113,engine,validation,2
17415,0.9299923710347976,0.04395604395604396,91,engine,validation,2
17416,0.9296901732325997,0.02247191011235955,89,engine,validation,2
17417,0.9283137687382178,0.02564102564102564,117,engine,validation,2
17418,0.927095820020269,0.037037037037037035,81,engine,validation,2
17419,0.9264476718721208,0.03,100,engine,validation,2
17420,0.9254476718721208,0.07216494845360824,97,engine,validation,2
17421,0.9265559192948013,0.046875,128,engine,validation,2
17422,0.9263996692948013,0.07964601769911504,113,engine,validation,2
17423,0.927881970179757,0.038834951456310676,103,engine,validation,2
17424,0.9273237177525726,0.06956521739130435,115,engine,validation,2
17425,0.9283019786221378,0.0234375,128,engine,validation,2
17426,0.9269738536221378,0.027586206896551724,145,engine,validation,2
17427,0.9258531639669654,0.045112781954887216,133,engine,validation,2
17428,0.9256088030647097,0.034722222222222224,144,engine,validation,2
17429,0.9248449141758208,0.030864197530864196,162,engine,validation,2
17430,0.9238881240523641,0.04054054054054054,148,engine,validation,2
17431,0.9234151510793911,0.029940119760479042,167,engine,validation,2
17432,0.9224121570674151,0.037037037037037035,162,engine,validation,2
17433,0.9217640089192669,0.0410958904109589,146,engine,validation,2
17434,0.9213188034398149,0.045714285714285714,175,engine,validation,2
17435,0.9211045177255291,0.0547945205479452,146,engine,validation,2
17436,0.9213442437529265,0.036231884057971016,138,engine,validation,2
17437,0.920655837955825,0.06626506024096386,166,engine,validation,2
17438,0.9214690909678732,0.058823529411764705,170,engine,validation,2
17439,0.9219102674384614,0.05555555555555555,180,engine,validation,2
17440,0.9221880452162392,0.06976744186046512,172,engine,validation,2
17441,0.9231764173092625,0.05228758169934641,153,engine,validation,2
17442,0.9232907963942297,0.10614525139664804,179,engine,validation,2
17443,0.9260980589640622,0.05732484076433121,157,engine,validation,2
17444,0.9264643010022787,0.08387096774193549,155,engine,validation,2
17445,0.9281578493893755,0.0935672514619883,171,engine,validation,2
17446,0.930336211962475,0.087248322147651,149,engine,validation,2
17447,0.9321986280698575,0.11464968152866242,157,engine,validation,2
17448,0.9354311121462906,0.1297709923664122,131,engine,validation,2
17449,0.9394196617646112,0.11180124223602485,161,engine,validation,2
17450,0.9425097238764124,0.05303030303030303,132,engine,validation,2
17451,0.9426612390279276,0.10344827586206896,145,engine,validation,2
17452,0.9453336528210311,0.09285714285714286,140,engine,validation,2
17453,0.9474765099638882,0.07692307692307693,156,engine,validation,2
17454,0.948822663810042,0.07878787878787878,165,engine,validation,2
17455,0.950262057749436,0.08391608391608392,143,engine,validation,2
17456,0.9519578619452401,0.12213740458015267,131,engine,validation,2
17457,0.9555647321742478,0.10833333333333334,120,engine,validation,2
17458,0.9584813988409144,0.10810810810810811,148,engine,validation,2
17459,0.9613868042463198,0.08064516129032258,124,engine,validation,2
17460,0.962919062310836,0.06521739130434782,138,engine,validation,2
17461,0.9636799318760534,0.11851851851851852,135,engine,validation,2
17462,0.9671058578019793,0.09285714285714286,140,engine,validation,2
17463,0.9692487149448364,0.1111111111111111,117,engine,validation,2
17464,0.972304270500392,0.072,125,engine,validation,2
17465,0.973404270500392,0.09401709401709402,117,engine,validation,2
17466,0.9756051252012468,0.09523809523809523,126,engine,validation,2
17467,0.9778670299631514,0.06153846153846154,130,engine,validation,2
17468,0.9784439530400746,0.06015037593984962,133,engine,validation,2
17469,0.978951471837067,0.05185185185185185,135,engine,validation,2
17470,0.9790440644296596,0.06722689075630252,119,engine,validation,2
17471,0.9799054089674748,0.046511627906976744,129,engine,validation,2
17472,0.9797309903628236,0.07142857142857142,126,engine,validation,2
17473,0.9808024189342521,0.04201680672268908,119,engine,validation,2
17474,0.9804032592703866,0.05084745762711865,118,engine,validation,2
17475,0.9804456321517425,0.024793388429752067,121,engine,validation,2
17476,0.9791853015732301,0.031007751937984496,129,engine,validation,2
17477,0.9782356891701294,0.10714285714285714,112,engine,validation,2
17478,0.9810928320272723,0.03076923076923077,130,engine,validation,2
17479,0.9801312935657338,0.05309734513274336,113,engine,validation,2
17480,0.980286160822371,0.09009009009009009,111,engine,validation,2
17481,0.9822906653268755,0.06299212598425197,127,engine,validation,2
17482,0.982940271626088,0.05714285714285714,105,engine,validation,2
17483,0.9832974144832309,0.04,100,engine,validation,2
17484,0.9827974144832309,0.06837606837606838,117,engine,validation,2
17485,0.9837162179020343,0.030927835051546393,97,engine,validation,2
17486,0.9827626096546116,0.05042016806722689,119,engine,validation,2
17487,0.982783618057973,0.026785714285714284,112,engine,validation,2
17488,0.9816229037722587,0.021052631578947368,95,engine,validation,2
17489,0.980175535351206,0.05660377358490566,106,engine,validation,2
17490,0.9805057240304513,0.041237113402061855,97,engine,validation,2
17491,0.9800675797005545,0.0196078431372549,102,engine,validation,2
17492,0.9785479718574172,0.028037383177570093,107,engine,validation,2
17493,0.9774498410162957,0.019801980198019802,101,engine,validation,2
17494,0.9759399400261967,0.018518518518518517,108,engine,validation,2
17495,0.9743658659521226,0.042735042735042736,117,engine,validation,2
17496,0.9740026180888748,0.03731343283582089,134,engine,validation,2
17497,0.9733682897306658,0.05737704918032787,122,engine,validation,2
17498,0.9737371421896822,0.0625,112,engine,validation,2
17499,0.9743621421896822,0.043795620437956206,137,engine,validation,2
17500,0.97405192321158,0.039735099337748346,151,engine,validation,2
17501,0.9735386781784674,0.037037037037037035,135,engine,validation,2
17502,0.9728905300303192,0.006944444444444444,144,engine,validation,2
17503,0.9707377522525414,0.027972027972027972,143,engine,validation,2
17504,0.9696363536511429,0.015873015873015872,126,engine,validation,2
17505,0.9679300044447937,0.03875968992248062,129,engine,validation,2
17506,0.9673679889409177,0.007246376811594203,138,engine,validation,2
17507,0.9652303077814974,0.01775147928994083,169,engine,validation,2
17508,0.9636178817459945,0.046632124352331605,193,engine,validation,2
17509,0.9634494879636111,0.06521739130434782,184,engine,validation,2
17510,0.9642103575288284,0.039647577092511016,227,engine,validation,2
17511,0.963692736383454,0.054455445544554455,202,engine,validation,2
17512,0.9639155086606817,0.07174887892376682,223,engine,validation,2
17513,0.9650029526068701,0.040268456375838924,298,engine,validation,2
17514,0.964516375425662,0.07659574468085106,235,engine,validation,2
17515,0.9658461626597046,0.08098591549295775,284,engine,validation,2
17516,0.9673954584343525,0.09777777777777778,225,engine,validation,2
17517,0.9697843473232414,0.08273381294964029,278,engine,validation,2
17518,0.9714210379707233,0.08579881656804733,338,engine,validation,2
17519,0.9732109787991257,0.08282208588957055,326,engine,validation,2
17520,0.9748520830936043,0.10294117647058823,340,engine,validation,2
17521,0.9774991419171336,0.11859838274932614,371,engine,validation,2
17522,0.9809290610546,0.13636363636363635,330,engine,validation,2
17523,0.9852472428727818,0.10160427807486631,374,engine,validation,2
17524,0.9878274567765251,0.10569105691056911,369,engine,validation,2
17525,0.9906120096220535,0.12797619047619047,336,engine,validation,2
17526,0.994510819145863,0.15128205128205127,390,engine,validation,2
17527,0.995,0.13450292397660818,342,engine,validation,2
17528,0.995,0.14551083591331268,323,engine,validation,2
17529,0.995,0.1412639405204461,269,engine,validation,2
17530,0.995,0.15017064846416384,293,engine,validation,2
17531,0.995,0.12937062937062938,286,engine,validation,2
17532,0.995,0.12455516014234876,281,engine,validation,2
17533,0.995,0.12217194570135746,221,engine,validation,2
17534,0.995,0.20689655172413793,232,engine,validation,2
17535,0.995,0.14767932489451477,237,engine,validation,2
17536,0.995,0.15555555555555556,180,engine,validation,2
17537,0.995,0.12307692307692308,195,engine,validation,2
17538,0.995,0.1658291457286432,199,engine,validation,2
17539,0.995,0.16666666666666666,168,engine,validation,2
17540,0.995,0.11842105263157894,152,engine,validation,2
17541,0.995,0.1510791366906475,139,engine,validation,2
17542,0.995,0.1292517006802721,147,engine,validation,2
17543,0.995,0.088,125,engine,validation,2
17544,0.995,0.041666666666666664,120,engine,validation,2
17545,0.995,0.1,90,engine,validation,2
17546,0.995,0.10101010101010101,99,engine,validation,2
17547,0.995,0.08849557522123894,113,engine,validation,2
17548,0.995,0.10476190476190476,105,engine,validation,2
17549,0.995,0.025974025974025976,77,engine,validation,2
17550,0.995,0.028846153846153848,104,engine,validation,2
17551,0.995,0.024691358024691357,81,engine,validation,2
17431,0.95,,0,engine,validation,3
17432,0.95,,0,engine,validation,3
17433,0.95,,0,engine,validation,3
17434,0.95,,0,engine,validation,3
17435,0.95,,0,engine,validation,3
17436,0.95,,0,engine,validation,3
17437,0.95,,0,engine,validation,3
17438,0.95,,0,engine,validation,3
17439,0.95,,0,engine,validation,3
17440,0.95,,0,engine,validation,3
17441,0.95,,0,engine,validation,3
17442,0.95,1.0,2,engine,validation,3
17443,0.995,0.0,13,engine,validation,3
17444,0.995,0.14285714285714285,7,engine,validation,3
17445,0.995,0.07692307692307693,13,engine,validation,3
17446,0.995,0.125,16,engine,validation,3
17447,0.995,0.08,25,engine,validation,3
17448,0.995,0.034482758620689655,29,engine,validation,3
17449,0.995,0.030303030303030304,33,engine,validation,3
17450,0.995,0.04081632653061224,49,engine,validation,3
17451,0.995,0.03508771929824561,57,engine,validation,3
17452,0.995,0.034482758620689655,58,engine,validation,3
17453,0.995,0.014705882352941176,68,engine,validation,3
17454,0.995,0.0,71,engine,validation,3
17455,0.995,0.10869565217391304,92,engine,validation,3
17456,0.995,0.014285714285714285,70,engine,validation,3
17457,0.995,0.06741573033707865,89,engine,validation,3
17458,0.995,0.01020408163265306,98,engine,validation,3
17459,0.995,0.038461538461538464,78,engine,validation,3
17460,0.995,0.052083333333333336,96,engine,validation,3
17461,0.995,0.05555555555555555,72,engine,validation,3
17462,0.995,0.04225352112676056,71,engine,validation,3
17463,0.995,0.03571428571428571,84,engine,validation,3
17464,0.995,0.08064516129032258,62,engine,validation,3
17465,0.995,0.04918032786885246,61,engine,validation,3
17466,0.995,0.015384615384615385,65,engine,validation,3
17467,0.995,0.0,55,engine,validation,3
17468,0.9942269106335526,0.0,49,engine,validation,3
17469,0.9917269106335526,0.08333333333333333,48,engine,validation,3
17470,0.9933935773002193,0.0,50,engine,validation,3
17471,0.9908935773002192,0.06779661016949153,59,engine,validation,3
17472,0.9917834078086938,0.02040816326530612,49,engine,validation,3
17473,0.9903038159719592,0.038461538461538464,52,engine,validation,3
17474,0.989726892895036,0.019230769230769232,52,engine,validation,3
17475,0.9881884313565745,0.025,40,engine,validation,3
17476,0.9869384313565746,0.0,52,engine,validation,3
17477,0.9844384313565745,0.019230769230769232,52,engine,validation,3
17478,0.982899969818113,0.0,53,engine,validation,3
17479,0.980399969818113,0.01694915254237288,59,engine,validation,3
17480,0.9787474274452316,0.0,87,engine,validation,3
17481,0.9762474274452316,0.0,73,engine,validation,3
17482,0.9737474274452316,0.0,65,engine,validation,3
17483,0.9712474274452316,0.03278688524590164,61,engine,validation,3
17484,0.9703867717075266,0.010638297872340425,94,engine,validation,3
17485,0.9684186866011437,0.0196078431372549,102,engine,validation,3
17486,0.9668990787580064,0.0,125,engine,validation,3
17487,0.9643990787580065,0.008333333333333333,120,engine,validation,3
17488,0.9623157454246731,0.0,118,engine,validation,3
17489,0.9598157454246731,0.006211180124223602,161,engine,validation,3
17490,0.9576263044308843,0.007462686567164179,134,engine,validation,3
17491,0.9554994387592425,0.0136986301369863,146,engine,validation,3
17492,0.9536843702660918,0.01098901098901099,182,engine,validation,3
17493,0.9517338208155424,0.0196078431372549,153,engine,validation,3
17494,0.9502142129724052,0.026455026455026454,189,engine,validation,3
17495,0.9490369642951564,0.014018691588785047,214,engine,validation,3
17496,0.9472378988745956,0.029914529914529916,234,engine,validation,3
17497,0.9462336253703222,0.07476635514018691,214,engine,validation,3
17498,0.9474719431273315,0.036290322580645164,248,engine,validation,3
17499,0.9467864592563637,0.008771929824561403,228,engine,validation,3
17500,0.9447250557475918,0.043478260869565216,253,engine,validation,3
17501,0.9443989687910701,0.03529411764705882,255,engine,validation,3
17502,0.943663674673423,0.03435114503816794,262,engine,validation,3
17503,0.9428812319253315,0.03873239436619718,284,engine,validation,3
17504,0.9423178516436413,0.02973977695167286,269,engine,validation,3
17505,0.941304840491225,0.04477611940298507,335,engine,validation,3
17506,0.9410436464613742,0.06567164179104477,335,engine,validation,3
17507,0.9418272285509265,0.0625,320,engine,validation,3
17508,0.9424522285509265,0.08670520231213873,346,engine,validation,3
17509,0.9442874886665333,0.12947658402203857,363,engine,validation,3
17510,0.9482613178676353,0.1566265060240964,332,engine,validation,3
17511,0.9535926431688402,0.17150395778364116,379,engine,validation,3
17512,0.9596678410580222,0.13550135501355012,369,engine,validation,3
17513,0.9639429088086997,0.18037135278514588,377,engine,validation,3
17514,0.970461476447957,0.15089514066496162,391,engine,validation,3
17515,0.975506233481205,0.19069767441860466,430,engine,validation,3
17516,0.9825411172021353,0.2037037037037037,432,engine,validation,3
17517,0.9902263023873205,0.1958997722095672,439,engine,validation,3
17518,0.995,0.2366412213740458,393,engine,validation,3
17519,0.995,0.23963133640552994,434,engine,validation,3
17520,0.995,0.21614583333333334,384,engine,validation,3
17521,0.995,0.23097826086956522,368,engine,validation,3
17522,0.995,0.2260061919504644,323,engine,validation,3
17523,0.995,0.18032786885245902,305,engine,validation,3
17524,0.995,0.20863309352517986,278,engine,validation,3
17525,0.995,0.20446096654275092,269,engine,validation,3
17526,0.995,0.3181818181818182,264,engine,validation,3
17527,0.995,0.23275862068965517,232,engine,validation,3
17528,0.995,0.27358490566037735,212,engine,validation,3
17529,0.995,0.25,184,engine,validation,3
17530,0.995,0.2541436464088398,181,engine,validation,3
17531,0.995,0.2887323943661972,142,engine,validation,3
17532,0.995,0.28488372093023256,172,engine,validation,3
17533,0.995,0.2727272727272727,132,engine,validation,3
17534,0.995,0.30597014925373134,134,engine,validation,3
17535,0.995,0.25217391304347825,115,engine,validation,3
17536,0.995,0.25925925925925924,108,engine,validation,3
17537,0.995,0.18446601941747573,103,engine,validation,3
17538,0.995,0.25,84,engine,validation,3
17539,0.995,0.16666666666666666,90,engine,validation,3
17540,0.995,0.136986301369863,73,engine,validation,3
17541,0.995,0.14285714285714285,70,engine,validation,3
17542,0.995,0.11904761904761904,84,engine,validation,3
17543,0.995,0.029850746268656716,67,engine,validation,3
17544,0.995,0.038461538461538464,78,engine,validation,3
17545,0.995,0.05263157894736842,76,engine,validation,3
17546,0.995,0.06779661016949153,59,engine,validation,3
17547,0.995,0.028169014084507043,71,engine,validation,3
17548,0.995,0.06896551724137931,58,engine,validation,3
17549,0.995,0.016129032258064516,62,engine,validation,3
17550,0.995,0.07142857142857142,70,engine,validation,3
17551,0.995,0.04838709677419355,62,engine,validation,3
17552,0.995,0.02631578947368421,76,engine,validation,3
17553,0.995,0.046875,64,engine,validation,3
17554,0.995,0.014705882352941176,68,engine,validation,3
17555,0.995,0.02857142857142857,70,engine,validation,3
17556,0.995,0.023529411764705882,85,engine,validation,3
17557,0.995,0.009900990099009901,101,engine,validation,3
17558,0.995,0.0,95,engine,validation,3
17559,0.995,0.01282051282051282,78,engine,validation,3
17560,0.995,0.01020408163265306,98,engine,validation,3
17561,0.995,0.0,121,engine,validation,3
17562,0.995,0.02197802197802198,91,engine,validation,3
17563,0.995,0.021897810218978103,137,engine,validation,3
17564,0.995,0.010416666666666666,96,engine,validation,3
17565,0.995,0.0,111,engine,validation,3
17566,0.995,0.009345794392523364,107,engine,validation,3
17567,0.995,0.009900990099009901,101,engine,validation,3
17568,0.995,0.009900990099009901,101,engine,validation,3
17569,0.995,0.012195121951219513,82,engine,validation,3
17570,0.995,0.05102040816326531,98,engine,validation,3
17571,0.995,0.017241379310344827,116,engine,validation,3
17572,0.995,0.010309278350515464,97,engine,validation,3
17573,0.995,0.0,95,engine,validation,3
17574,0.995,0.008849557522123894,113,engine,validation,3
17575,0.995,0.007352941176470588,136,engine,validation,3
17576,0.995,0.008403361344537815,119,engine,validation,3
17577,0.995,0.032520325203252036,123,engine,validation,3
17578,0.995,0.013888888888888888,144,engine,validation,3
17579,0.995,0.016,125,engine,validation,3
17580,0.995,0.013888888888888888,144,engine,validation,3
17581,0.995,0.046153846153846156,130,engine,validation,3
17582,0.995,0.011299435028248588,177,engine,validation,3
17583,0.995,0.0,150,engine,validation,3
17584,0.995,0.006756756756756757,148,engine,validation,3
17464,0.95,,0,engine,validation,4
17465,0.95,,0,engine,validation,4
17466,0.95,,0,engine,validation,4
17467,0.95,,0,engine,validation,4
17468,0.95,,0,engine,validation,4
17469,0.95,,0,engine,validation,4
17470,0.95,,0,engine,validation,4
17471,0.95,,0,engine,validation,4
17472,0.95,,0,engine,validation,4
17473,0.95,,0,engine,validation,4
17474,0.95,0.0,2,engine,validation,4
17475,0.9475,0.0,6,engine,validation,4
17476,0.945,0.1,10,engine,validation,4
17477,0.9475,0.0,7,engine,validation,4
17478,0.945,0.07142857142857142,14,engine,validation,4
17479,0.9460714285714286,0.05555555555555555,18,engine,validation,4
17480,0.9463492063492064,0.0,29,engine,validation,4
17481,0.9438492063492063,0.0,33,engine,validation,4
17482,0.9413492063492064,0.125,24,engine,validation,4
17483,0.9450992063492063,0.02702702702702703,37,engine,validation,4
17484,0.9439505577005577,0.057692307692307696,52,engine,validation,4
17485,0.9443351730851731,0.04411764705882353,68,engine,validation,4
17486,0.9440410554381142,0.05405405405405406,74,engine,validation,4
17487,0.944243758140817,0.04054054054054054,74,engine,validation,4
17488,0.943770785167844,0.030303030303030304,66,engine,validation,4
17489,0.9427859366829955,0.04054054054054054,74,engine,validation,4
17490,0.9423129637100225,0.06060606060606061,99,engine,validation,4
17491,0.9428432667403256,0.020202020202020204,99,engine,validation,4
17492,0.9413533677504266,0.05405405405405406,111,engine,validation,4
17493,0.9415560704531293,0.07518796992481203,133,engine,validation,4
17494,0.9428154689493699,0.05673758865248227,141,engine,validation,4
17495,0.943152348381994,0.0784313725490196,153,engine,validation,4
17496,0.9445739170094449,0.07228915662650602,166,engine,validation,4
17497,0.9456883748407703,0.09210526315789473,152,engine,validation,4
17498,0.947793637998665,0.07602339181286549,171,engine,validation,4
17499,0.9490948075893083,0.04580152671755725,131,engine,validation,4
17500,0.9488848839251861,0.09090909090909091,132,engine,validation,4
17501,0.9509303384706407,0.04216867469879518,166,engine,validation,4
17502,0.9505387722055805,0.04516129032258064,155,engine,validation,4
17503,0.9502968367217095,0.04242424242424243,165,engine,validation,4
17504,0.9499180488429215,0.06432748538011696,171,engine,validation,4
17505,0.9506344231119275,0.06692913385826772,254,engine,validation,4
17506,0.9514808798048409,0.08558558558558559,222,engine,validation,4
17507,0.9532601590841201,0.08979591836734693,245,engine,validation,4
17508,0.9552499550024874,0.10714285714285714,252,engine,validation,4
17509,0.9581070978596303,0.1368421052631579,285,engine,validation,4
17510,0.9624492031227881,0.1836734693877551,294,engine,validation,4
17511,0.969132876592176,0.21323529411764705,272,engine,validation,4
17512,0.9772946412980583,0.1832797427652733,311,engine,validation,4
17513,0.983958628436322,0.17325227963525835,329,engine,validation,4
17514,0.9901212424180849,0.17897727272727273,352,engine,validation,4
17515,0.995,0.1834319526627219,338,engine,validation,4
17516,0.995,0.16489361702127658,376,engine,validation,4
17517,0.995,0.23768115942028986,345,engine,validation,4
17518,0.995,0.2396694214876033,363,engine,validation,4
17519,0.995,0.2528409090909091,352,engine,validation,4
17520,0.995,0.2534435261707989,363,engine,validation,4
17521,0.995,0.21148036253776434,331,engine,validation,4
17522,0.995,0.24422442244224424,303,engine,validation,4
17523,0.995,0.21641791044776118,268,engine,validation,4
17524,0.995,0.16996047430830039,253,engine,validation,4
17525,0.995,0.244,250,engine,validation,4
17526,0.995,0.25882352941176473,255,engine,validation,4
17527,0.995,0.2995391705069124,217,engine,validation,4
17528,0.995,0.25257731958762886,194,engine,validation,4
17529,0.995,0.24022346368715083,179,engine,validation,4
17530,0.995,0.19310344827586207,145,engine,validation,4
17531,0.995,0.2923076923076923,130,engine,validation,4
17532,0.995,0.2535211267605634,142,engine,validation,4
17533,0.995,0.2833333333333333,120,engine,validation,4
17534,0.995,0.31932773109243695,119,engine,validation,4
17535,0.995,0.2109375,128,engine,validation,4
17536,0.995,0.17117117117117117,111,engine,validation,4
17537,0.995,0.17391304347826086,92,engine,validation,4
17538,0.995,0.15151515151515152,99,engine,validation,4
17539,0.995,0.0963855421686747,83,engine,validation,4
17540,0.995,0.1411764705882353,85,engine,validation,4
17541,0.995,0.11764705882352941,68,engine,validation,4
17542,0.995,0.12987012987012986,77,engine,validation,4
17543,0.995,0.06756756756756757,74,engine,validation,4
17544,0.995,0.024691358024691357,81,engine,validation,4
17545,0.995,0.02666666666666667,75,engine,validation,4
17546,0.995,0.04411764705882353,68,engine,validation,4
17547,0.995,0.024691358024691357,81,engine,validation,4
17548,0.995,0.04225352112676056,71,engine,validation,4
17549,0.995,0.012987012987012988,77,engine,validation,4
17550,0.995,0.0641025641025641,78,engine,validation,4
17551,0.995,0.041666666666666664,96,engine,validation,4
17552,0.995,0.01282051282051282,78,engine,validation,4
17553,0.995,0.0136986301369863,73,engine,validation,4
17554,0.995,0.030303030303030304,99,engine,validation,4
17555,0.995,0.01834862385321101,109,engine,validation,4
17556,0.995,0.009615384615384616,104,engine,validation,4
17557,0.995,0.022727272727272728,88,engine,validation,4
17558,0.995,0.024193548387096774,124,engine,validation,4
17559,0.995,0.008403361344537815,119,engine,validation,4
17560,0.995,0.008333333333333333,120,engine,validation,4
17561,0.995,0.015625,128,engine,validation,4
17562,0.995,0.007462686567164179,134,engine,validation,4
17563,0.995,0.022900763358778626,131,engine,validation,4
17564,0.995,0.018018018018018018,111,engine,validation,4
17565,0.995,0.0,128,engine,validation,4
17566,0.995,0.032,125,engine,validation,4
17567,0.995,0.02727272727272727,110,engine,validation,4
17568,0.995,0.008849557522123894,113,engine,validation,4
17569,0.995,0.042735042735042736,117,engine,validation,4
17570,0.995,0.016129032258064516,124,engine,validation,4
17571,0.995,0.007874015748031496,127,engine,validation,4
17572,0.995,0.007194244604316547,139,engine,validation,4
17573,0.995,0.007246376811594203,138,engine,validation,4
17574,0.995,0.03787878787878788,132,engine,validation,4
17575,0.995,0.01875,160,engine,validation,4
17576,0.995,0.006369426751592357,157,engine,validation,4
17577,0.995,0.02564102564102564,156,engine,validation,4
17578,0.995,0.019230769230769232,156,engine,validation,4
17579,0.995,0.01775147928994083,169,engine,validation,4
17580,0.995,0.0,165,engine,validation,4
17581,0.995,0.015706806282722512,191,engine,validation,4
17582,0.995,0.0111731843575419,179,engine,validation,4
17583,0.995,0.023809523809523808,168,engine,validation,4
17584,0.995,0.012658227848101266,158,engine,validation,4
17585,0.995,0.0,172,engine,validation,4
17586,0.995,0.00641025641025641,156,engine,validation,4
17587,0.995,0.013245033112582781,151,engine,validation,4
17588,0.995,0.0072992700729927005,137,engine,validation,4
17589,0.995,0.030303030303030304,165,engine,validation,4
17590,0.995,0.013422818791946308,149,engine,validation,4
17591,0.995,0.012987012987012988,154,engine,validation,4
17592,0.995,0.006711409395973154,149,engine,validation,4
17593,0.995,0.0,169,engine,validation,4
17594,0.995,0.012048192771084338,166,engine,validation,4
17595,0.995,0.00625,160,engine,validation,4
17596,0.995,0.005988023952095809,167,engine,validation,4
17597,0.995,0.0,138,engine,validation,4
17598,0.995,0.0,152,engine,validation,4
17599,0.995,0.0,155,engine,validation,4
17600,0.995,0.0,165,engine,validation,4
17601,0.995,0.01092896174863388,183,engine,validation,4
17602,0.995,0.0,167,engine,validation,4
17603,0.995,0.01282051282051282,156,engine,validation,4
17604,0.995,0.0,148,engine,validation,4
17605,0.995,0.006097560975609756,164,engine,validation,4
17606,0.995,0.006756756756756757,148,engine,validation,4
17607,0.995,0.005714285714285714,175,engine,validation,4
17608,0.995,0.006711409395973154,149,engine,validation,4
17609,0.995,0.00546448087431694,183,engine,validation,4
17610,0.995,0.0,160,engine,validation,4
17611,0.995,0.0058823529411764705,170,engine,validation,4
17612,0.995,0.005291005291005291,189,engine,validation,4
17613,0.995,0.011764705882352941,170,engine,validation,4
17614,0.995,0.0064516129032258064,155,engine,validation,4
17615,0.995,0.005917159763313609,169,engine,validation,4
17616,0.995,0.0,185,engine,validation,4
17311,0.95,,0,route,validation,0
17312,0.95,,0,route,validation,0
17313,0.95,,0,route,validation,0
17314,0.95,,0,route,validation,0
17315,0.95,,0,route,validation,0
17316,0.95,,0,route,validation,0
17317,0.95,,0,route,validation,0
17318,0.95,,0,route,validation,0
17319,0.95,,0,route,validation,0
17320,0.95,,0,route,validation,0
17321,0.95,,0,route,validation,0
17322,0.95,,0,route,validation,0
17323,0.95,,0,route,validation,0
17324,0.95,,0,route,validation,0
17325,0.95,,0,route,validation,0
17326,0.95,,0,route,validation,0
17327,0.95,,0,route,validation,0
17328,0.95,,0,route,validation,0
17329,0.95,,0,route,validation,0
17330,0.95,,0,route,validation,0
17331,0.95,0.0,2,route,validation,0
17332,0.9475,0.0,1,route,validation,0
17333,0.945,,0,route,validation,0
17334,0.945,0.11428571428571428,35,route,validation,0
17335,0.9482142857142857,0.0,20,route,validation,0
17336,0.9457142857142857,0.0,1,route,validation,0
17337,0.9432142857142857,0.06666666666666667,30,route,validation,0
17338,0.944047619047619,0.0,39,route,validation,0
17339,0.9415476190476191,0.015625,64,route,validation,0
17340,0.9398288690476191,0.0,50,route,validation,0
17341,0.937328869047619,0.03389830508474576,59,route,validation,0
17342,0.9365237843018563,0.0,86,route,validation,0
17343,0.9340237843018563,0.04477611940298507,67,route,validation,0
17344,0.9337625902720056,0.04054054054054054,74,route,validation,0
17345,0.9332896172990326,0.0784313725490196,51,route,validation,0
17346,0.9347111859264836,0.0,78,route,validation,0
17347,0.9322111859264836,0.010101010101010102,99,route,validation,0
17348,0.9302162364315341,0.023809523809523808,126,route,validation,0
17349,0.9289067126220103,0.009708737864077669,103,route,validation,0
17350,0.9268921495152141,0.039473684210526314,76,route,validation,0
17351,0.9263658337257404,0.0,85,route,validation,0
17352,0.9238658337257405,0.011235955056179775,89,route,validation,0
17353,0.9219276314785494,0.009259259259259259,108,route,validation,0
17354,0.9198905944415124,0.017699115044247787,113,route,validation,0
17355,0.9182755501937248,0.009259259259259259,108,route,validation,0
17356,0.9162385131566878,0.04132231404958678,121,route,validation,0
17357,0.9158046288591671,0.0,105,route,validation,0
17358,0.9133046288591671,0.02040816326530612,98,route,validation,0
17359,0.9118250370224324,0.02040816326530612,98,route,validation,0
17360,0.9103454451856977,0.0,171,route,validation,0
17361,0.9078454451856978,0.030612244897959183,98,route,validation,0
17362,0.9068760574305956,0.025974025974025976,154,route,validation,0
17363,0.905674758729297,0.0,133,route,validation,0
17364,0.903174758729297,0.018867924528301886,106,route,validation,0
17365,0.9016181549557121,0.010309278350515464,97,route,validation,0
17366,0.8996336188732379,0.025423728813559324,118,route,validation,0
17367,0.8984048053139158,0.024390243902439025,123,route,validation,0
17368,0.8971243175090378,0.02631578947368421,152,route,validation,0
17369,0.895940106982722,0.006622516556291391,151,route,validation,0
17370,0.8937712328105365,0.02857142857142857,105,route,validation,0
17371,0.892699804239108,0.015625,128,route,validation,0
17372,0.890981054239108,0.022388059701492536,134,route,validation,0
17373,0.8896004572241826,0.020134228187919462,149,route,validation,0
17374,0.8881071686335785,0.018018018018018018,111,route,validation,0
17375,0.8865080695344795,0.030303030303030304,132,route,validation,0
17376,0.885523221049631,0.016483516483516484,182,route,validation,0
17377,0.8838473968738068,0.06832298136645963,161,route,validation,0
17378,0.8847635459421298,0.042105263157894736,190,route,validation,0
17379,0.8843688091000245,0.033112582781456956,151,route,validation,0
17380,0.8835244382390973,0.020833333333333332,144,route,validation,0
17381,0.882066104905764,0.012195121951219513,164,route,validation,0
17382,0.880175861003325,0.02666666666666667,225,route,validation,0
17383,0.8790091943366584,0.02976190476190476,168,route,validation,0
17384,0.8779972895747535,0.022222222222222223,180,route,validation,0
17385,0.8766084006858647,0.047619047619047616,189,route,validation,0
17386,0.8764893530668171,0.062146892655367235,177,route,validation,0
17387,0.8770966976995854,0.0427807486631016,187,route,validation,0
17388,0.8767357351327405,0.05357142857142857,168,route,validation,0
17389,0.876914306561312,0.019867549668874173,151,route,validation,0
17390,0.8754076840447557,0.07329842931937172,191,route,validation,0
17391,0.8765726055107242,0.03680981595092025,163,route,validation,0
17392,0.8759130963082702,0.06329113924050633,158,route,validation,0
17393,0.8765776532702956,0.08333333333333333,156,route,validation,0
17394,0.8782443199369622,0.08092485549132948,173,route,validation,0
17395,0.8797905627115287,0.09696969696969697,165,route,validation,0
17396,0.8821390475600135,0.04666666666666667,150,route,validation,0
17397,0.8819723808933468,0.07692307692307693,143,route,validation,0
17398,0.8833185347395007,0.09166666666666666,120,route,validation,0
17399,0.885401868072834,0.08176100628930817,159,route,validation,0
17400,0.8869899183872995,0.10625,160,route,validation,0
17401,0.8898024183872995,0.07913669064748201,139,route,validation,0
17402,0.8912592529196736,0.08484848484848485,165,route,validation,0
17403,0.8930016771620978,0.0859375,128,route,validation,0
17404,0.8947985521620978,0.07142857142857142,140,route,validation,0
17405,0.8958699807335264,0.08396946564885496,131,route,validation,0
17406,0.8975684540159691,0.0875,160,route,validation,0
17407,0.8994434540159691,0.10062893081761007,159,route,validation,0
17408,0.9019749005568496,0.08860759493670886,158,route,validation,0
17409,0.9039052803036851,0.08088235294117647,136,route,validation,0
17410,0.9054493979507439,0.08633093525179857,139,route,validation,0
17411,0.9072659447133338,0.06201550387596899,129,route,validation,0
17412,0.9078667199071322,0.0948905109489051,137,route,validation,0
17413,0.9101112454545774,0.10810810810810811,148,route,validation,0
17414,0.9130166508599828,0.08571428571428572,105,route,validation,0
17415,0.9148023651456971,0.09523809523809523,105,route,validation,0
17416,0.9170642699076019,0.10294117647058823,136,route,validation,0
17417,0.9197113287311314,0.1574074074074074,108,route,validation,0
17418,0.9250816991015017,0.07964601769911504,113,route,validation,0
17419,0.9265639999864574,0.09090909090909091,99,route,validation,0
17420,0.928609454531912,0.17721518987341772,79,route,validation,0
17421,0.9349702140255829,0.10256410256410256,117,route,validation,0
17422,0.937598419153788,0.07964601769911504,113,route,validation,0
17423,0.9390807200387438,0.08771929824561403,114,route,validation,0
17424,0.9409666849510245,0.047619047619047616,126,route,validation,0
17425,0.9408476373319768,0.046875,128,route,validation,0
17426,0.9406913873319769,0.044642857142857144,112,route,validation,0
17427,0.9404235301891197,0.09016393442622951,122,route,validation,0
17428,0.9424317269104312,0.07207207207207207,111,route,validation,0
17429,0.9435353305140348,0.06711409395973154,149,route,validation,0
17430,0.9443910352120214,0.022900763358778626,131,route,validation,0
17431,0.9430360733799603,0.05970149253731343,134,route,validation,0
17432,0.943521148006826,0.058823529411764705,102,route,validation,0
17433,0.9439623244774142,0.04838709677419355,124,route,validation,0
17434,0.9438816793161239,0.06428571428571428,140,route,validation,0
17435,0.9445959650304097,0.07079646017699115,113,route,validation,0
17436,0.9456357880392592,0.10112359550561797,89,route,validation,0
17437,0.9481919678145401,0.03759398496240601,133,route,validation,0
17438,0.9475716670626604,0.0851063829787234,141,route,validation,0
17439,0.9493269862115965,0.06299212598425197,127,route,validation,0
17440,0.9499765925108091,0.05161290322580645,155,route,validation,0
17441,0.9500572376720995,0.0673076923076923,104,route,validation,0
17442,0.950922622287484,0.06153846153846154,195,route,validation,0
17443,0.9514995453644072,0.05263157894736842,95,route,validation,0
17444,0.9516311243117755,0.06349206349206349,126,route,validation,0
17445,0.9523057274863788,0.0684931506849315,146,route,validation,0
17446,0.9532303850206253,0.04516129032258064,155,route,validation,0
17447,0.9529884495367543,0.1037037037037037,135,route,validation,0
17448,0.9556736347219396,0.1282051282051282,117,route,validation,0
17449,0.9595838911321959,0.0738255033557047,149,route,validation,0
17450,0.9607751662999812,0.09848484848484848,132,route,validation,0
17451,0.9631994087242236,0.05228758169934641,153,route,validation,0
17452,0.963313787809191,0.058823529411764705,136,route,validation,0
17453,0.9637549642797791,0.056451612903225805,124,route,validation,0
17454,0.9640775449249405,0.0603448275862069,116,route,validation,0
17455,0.9645947863042508,0.07627118644067797,118,route,validation,0
17456,0.9659083456262847,0.0821917808219178,146,route,validation,0
17457,0.9675179346673806,0.05084745762711865,118,route,validation,0
17458,0.9675603075487366,0.06875,160,route,validation,0
17459,0.9684978075487365,0.02877697841726619,139,route,validation,0
17460,0.9674366564695999,0.05785123966942149,121,route,validation,0
17461,0.9678292184530709,0.12612612612612611,111,route,validation,0
17462,0.9716355247593772,0.08527131782945736,129,route,validation,0
17463,0.9733990906508501,0.04424778761061947,113,route,validation,0
17464,0.973111480031381,0.06593406593406594,91,route,validation,0
17465,0.9739081833280844,0.019867549668874173,151,route,validation,0
17466,0.9724015608115281,0.1079136690647482,139,route,validation,0
17467,0.9752972442647655,0.03937007874015748,127,route,validation,0
17468,0.9747657482017733,0.056,125,route,validation,0
17469,0.9750657482017734,0.034782608695652174,115,route,validation,0
17470,0.9743048786365559,0.027777777777777776,108,route,validation,0
17471,0.9731937675254448,0.043859649122807015,114,route,validation,0
17472,0.9728867499815852,0.03816793893129771,131,route,validation,0
17473,0.9722951469281501,0.018518518518518517,108,route,validation,0
17474,0.970721072854076,0.046052631578947366,152,route,validation,0
17475,0.9705237044330234,0.02054794520547945,146,route,validation,0
17476,0.9690511016932973,0.017241379310344827,116,route,validation,0
17477,0.9674131706588146,0.04504504504504504,111,route,validation,0
17478,0.9671654229110669,0.024193548387096774,124,route,validation,0
17479,0.9658751003304217,0.020134228187919462,149,route,validation,0
17480,0.9643818117398176,0.031914893617021274,94,route,validation,0
17481,0.9634775564206687,0.03896103896103896,154,route,validation,0
17482,0.9629256083687207,0.027777777777777776,144,route,validation,0
17483,0.9618144972576096,0.05319148936170213,94,route,validation,0
17484,0.9619740717256946,0.0763888888888889,144,route,validation,0
17364,0.95,,0,route,validation,1
17365,0.95,,0,route,validation,1
17366,0.95,,0,route,validation,1
17367,0.95,,0,route,validation,1
17368,0.95,,0,route,validation,1
17369,0.95,,0,route,validation,1
17370,0.95,,0,route,validation,1
17371,0.95,,0,route,validation,1
17372,0.95,,0,route,validation,1
17373,0.95,,0,route,validation,1
17374,0.95,,0,route,validation,1
17375,0.95,,0,route,validation,1
17376,0.95,,0,route,validation,1
17377,0.95,,0,route,validation,1
17378,0.95,,0,route,validation,1
17379,0.95,,0,route,validation,1
17380,0.95,,0,route,validation,1
17381,0.95,0.0,1,route,validation,1
17382,0.9475,0.0,2,route,validation,1
17383,0.945,0.0,1,route,validation,1
17384,0.9425,0.0196078431372549,51,route,validation,1
17385,0.9409803921568627,0.024096385542168676,83,route,validation,1
17386,0.9396852114339712,0.012195121951219513,82,route,validation,1
17387,0.9377949675315321,0.02,50,route,validation,1
17388,0.9362949675315322,0.0,46,route,validation,1
17389,0.9337949675315321,0.0,99,route,validation,1
17390,0.9312949675315322,0.023622047244094488,127,route,validation,1
17391,0.9299760698937368,0.030303030303030304,99,route,validation,1
17392,0.9289912214088883,0.021739130434782608,138,route,validation,1
17393,0.9275781779306275,0.030534351145038167,131,route,validation,1
17394,0.9266048954878794,0.036036036036036036,111,route,validation,1
17395,0.9259066972896812,0.009345794392523364,107,route,validation,1
17396,0.9238739870093073,0.022900763358778626,131,route,validation,1
17397,0.9225190251772463,0.016129032258064516,124,route,validation,1
17398,0.9208254767901496,0.041666666666666664,192,route,validation,1
17399,0.9204088101234829,0.04081632653061224,147,route,validation,1
17400,0.9199496264500134,0.03669724770642202,109,route,validation,1
17401,0.9192844888353345,0.03428571428571429,175,route,validation,1
17402,0.9184987745496203,0.025,120,route,validation,1
17403,0.9172487745496203,0.03592814371257485,167,route,validation,1
17404,0.916545181735249,0.03896103896103896,154,route,validation,1
17405,0.915993233683301,0.034722222222222224,144,route,validation,1
17406,0.9152293447944121,0.014388489208633094,139,route,validation,1
17407,0.9134487692548438,0.047337278106508875,169,route,validation,1
17408,0.9133156331601692,0.029850746268656716,201,route,validation,1
17409,0.912308170473602,0.02976190476190476,168,route,validation,1
17410,0.9112962657116973,0.07142857142857142,168,route,validation,1
17411,0.9123676942831258,0.057803468208092484,173,route,validation,1
17412,0.9127578676935305,0.032679738562091505,153,route,validation,1
17413,0.911891854621635,0.07058823529411765,170,route,validation,1
17414,0.912921266386341,0.08695652173913043,138,route,validation,1
17415,0.9147690924732974,0.03608247422680412,194,route,validation,1
17416,0.9140732161846377,0.11016949152542373,118,route,validation,1
17417,0.9170816907609088,0.05343511450381679,131,route,validation,1
17418,0.9172534464860996,0.0896551724137931,145,route,validation,1
17419,0.9192362051067893,0.08547008547008547,117,route,validation,1
17420,0.9210097093802936,0.08130081300813008,123,route,validation,1
17421,0.9225747500307001,0.07692307692307693,130,route,validation,1
17422,0.923920903876854,0.13114754098360656,122,route,validation,1
17423,0.9279782809260343,0.06569343065693431,137,route,validation,1
17424,0.928762952458881,0.05303030303030303,132,route,validation,1
17425,0.9289144676103962,0.06837606837606838,117,route,validation,1
17426,0.9298332710291995,0.03278688524590164,122,route,validation,1
17427,0.9289726152914947,0.03355704697986577,149,route,validation,1
17428,0.9281504676404879,0.07692307692307693,130,route,validation,1
17429,0.9294966214866418,0.032679738562091505,153,route,validation,1
17430,0.9286306084147463,0.05063291139240506,158,route,validation,1
17431,0.9286622539843666,0.06611570247933884,121,route,validation,1
17432,0.9294680391083335,0.046153846153846156,130,route,validation,1
17433,0.9292757314160258,0.05185185185185185,135,route,validation,1
17434,0.9293683240086185,0.056910569105691054,123,route,validation,1
17435,0.929713852463903,0.08450704225352113,142,route,validation,1
17436,0.931439204576579,0.0703125,128,route,validation,1
17437,0.9324548295765791,0.06369426751592357,157,route,validation,1
17438,0.9331395429523752,0.07741935483870968,155,route,validation,1
17439,0.9345105106943108,0.0547945205479452,146,route,validation,1
17440,0.934750236721708,0.06779661016949153,118,route,validation,1
17441,0.9356400672301826,0.0425531914893617,141,route,validation,1
17442,0.9352677268046506,0.0875,160,route,validation,1
17443,0.9371427268046506,0.07692307692307693,143,route,validation,1
17444,0.9384888806508045,0.06134969325153374,163,route,validation,1
17445,0.9390563653133812,0.05333333333333334,150,route,validation,1
17446,0.9392230319800479,0.10071942446043165,139,route,validation,1
17447,0.9417590032030695,0.1206896551724138,116,route,validation,1
17448,0.9452934859616902,0.03968253968253968,126,route,validation,1
17449,0.9447776129458171,0.1625,160,route,validation,1
17450,0.9504026129458171,0.06666666666666667,165,route,validation,1
17451,0.9512359462791504,0.05714285714285714,140,route,validation,1
17452,0.9515930891362933,0.07633587786259542,131,route,validation,1
17453,0.952909883029423,0.078125,128,route,validation,1
17454,0.9543161330294231,0.07086614173228346,127,route,validation,1
17455,0.9553594401160372,0.10606060606060606,132,route,validation,1
17456,0.9581624704190675,0.09848484848484848,132,route,validation,1
17457,0.96058671284331,0.07878787878787878,165,route,validation,1
17458,0.962026106782704,0.050359712230215826,139,route,validation,1
17459,0.9620440923942147,0.058823529411764705,119,route,validation,1
17460,0.9624852688648029,0.109375,128,route,validation,1
17461,0.965454018864803,0.0743801652892562,121,route,validation,1
17462,0.9666730271292657,0.10077519379844961,129,route,validation,1
17463,0.9692117868191883,0.0380952380952381,105,route,validation,1
17464,0.9686165487239502,0.08441558441558442,154,route,validation,1
17465,0.9703373279447294,0.10526315789473684,114,route,validation,1
17466,0.9731004858394662,0.07407407407407407,135,route,validation,1
17467,0.9743041895431699,0.05128205128205128,117,route,validation,1
17468,0.9743682921072725,0.051094890510948905,137,route,validation,1
17469,0.9744230366328199,0.06611570247933884,121,route,validation,1
17470,0.9752288217567868,0.05737704918032787,122,route,validation,1
17471,0.9755976742158032,0.06944444444444445,72,route,validation,1
17472,0.9765698964380255,0.02631578947368421,152,route,validation,1
17473,0.9753856859117097,0.03968253968253968,126,route,validation,1
17474,0.9748698128958366,0.026490066225165563,151,route,validation,1
17475,0.9736943162070949,0.040983606557377046,122,route,validation,1
17476,0.9732434965349638,0.047244094488188976,127,route,validation,1
17477,0.9731057012593732,0.032,125,route,validation,1
17478,0.9722057012593732,0.024691358024691357,81,route,validation,1
17479,0.9709402691606078,0.06622516556291391,151,route,validation,1
17480,0.9717515274387535,0.015625,128,route,validation,1
17481,0.9700327774387535,0.04195804195804196,143,route,validation,1
17482,0.9696306795366556,0.09166666666666666,120,route,validation,1
17483,0.9717140128699889,0.046511627906976744,86,route,validation,1
17484,0.9715395942653378,0.05426356589147287,129,route,validation,1
17485,0.9717527725599114,0.022727272727272728,132,route,validation,1
17486,0.9703891361962751,0.05714285714285714,105,route,validation,1
17487,0.9707462790534179,0.04424778761061947,113,route,validation,1
17488,0.9704586684339489,0.05319148936170213,94,route,validation,1
17489,0.970618242902034,0.03875968992248062,129,route,validation,1
17490,0.970056227398158,0.037037037037037035,81,route,validation,1
17491,0.9694080792500099,0.01818181818181818,110,route,validation,1
17492,0.9678171701591007,0.08421052631578947,95,route,validation,1
17493,0.9695276964748902,0.03787878787878788,132,route,validation,1
17494,0.9689216358688296,0.02,150,route,validation,1
17495,0.9674216358688297,0.0625,112,route,validation,1
17496,0.9680466358688297,0.02586206896551724,116,route,validation,1
17497,0.9668397393171055,0.03546099290780142,141,route,validation,1
17498,0.9661127889624956,0.028985507246376812,138,route,validation,1
17499,0.9650620643248145,0.04195804195804196,143,route,validation,1
17500,0.9646599664227166,0.0728476821192053,151,route,validation,1
17501,0.9658023505286768,0.027777777777777776,108,route,validation,1
17502,0.9646912394175657,0.024390243902439025,164,route,validation,1
17503,0.9634107516126876,0.037037037037037035,162,route,validation,1
17504,0.9627626034645395,0.047058823529411764,170,route,validation,1
17505,0.9626155446410101,0.049689440993788817,161,route,validation,1
17506,0.9626000166906995,0.021621621621621623,185,route,validation,1
17507,0.9611810977717806,0.01818181818181818,165,route,validation,1
17508,0.9595901886808715,0.027972027972027972,143,route,validation,1
17509,0.9584887900794729,0.05365853658536585,205,route,validation,1
17510,0.9586717169087412,0.06091370558375635,197,route,validation,1
17511,0.9592174021879291,0.057291666666666664,192,route,validation,1
17391,0.95,,0,route,validation,2
17392,0.95,,0,route,validation,2
17393,0.95,,0,route,validation,2
17394,0.95,,0,route,validation,2
17395,0.95,,0,route,validation,2
17396,0.95,,0,route,validation,2
17397,0.95,,0,route,validation,2
17398,0.95,,0,route,validation,2
17399,0.95,,0,route,validation,2
17400,0.95,,0,route,validation,2
17401,0.95,,0,route,validation,2
17402,0.95,,0,route,validation,2
17403,0.95,,0,route,validation,2
17404,0.95,,0,route,validation,2
17405,0.95,,0,route,validation,2
17406,0.95,,0,route,validation,2
17407,0.95,,0,route,validation,2
17408,0.95,0.037037037037037035,27,route,validation,2
17409,0.9493518518518519,0.0,60,route,validation,2
17410,0.9468518518518518,0.0,61,route,validation,2
17411,0.9443518518518519,0.01694915254237288,59,route,validation,2
17412,0.9426993094789705,0.017241379310344827,58,route,validation,2
17413,0.9410613784444877,0.06666666666666667,75,route,validation,2
17414,0.941894711777821,0.03225806451612903,62,route,validation,2
17415,0.9410076150036275,0.03409090909090909,88,route,validation,2
17416,0.940212160458173,0.017391304347826087,115,route,validation,2
17417,0.9385817256755643,0.051094890510948905,137,route,validation,2
17418,0.9386364702011117,0.08571428571428572,105,route,validation,2
17419,0.940422184486826,0.03,100,route,validation,2
17420,0.939422184486826,0.07339449541284404,109,route,validation,2
17421,0.9405919092574682,0.06741573033707865,89,route,validation,2
17422,0.9414626957743222,0.07964601769911504,113,route,validation,2
17423,0.9429449966592779,0.03278688524590164,122,route,validation,2
17424,0.942084340921573,0.05309734513274336,113,route,validation,2
17425,0.9422392081782102,0.0423728813559322,118,route,validation,2
17426,0.9418578522460067,0.036231884057971016,138,route,validation,2
17427,0.9411694464489053,0.058823529411764705,153,route,validation,2
17428,0.9416106229194935,0.045871559633027525,109,route,validation,2
17429,0.941404200901145,0.04580152671755725,131,route,validation,2
17430,0.9411942772370228,0.021739130434782608,138,route,validation,2
17431,0.9397812337587619,0.03076923076923077,130,route,validation,2
17432,0.9388196952972234,0.03184713375796178,157,route,validation,2
17433,0.9379120519851215,0.02631578947368421,152,route,validation,2
17434,0.9367278414588057,0.049689440993788817,161,route,validation,2
17435,0.9367123135084952,0.03597122302158273,139,route,validation,2
17436,0.9360108746595743,0.03870967741935484,155,route,validation,2
17437,0.935446358530542,0.02112676056338028,142,route,validation,2
17438,0.934002696558711,0.05,160,route,validation,2
17439,0.934002696558711,0.044444444444444446,135,route,validation,2
17440,0.9337249187809333,0.08928571428571429,168,route,validation,2
17441,0.935689204495219,0.0410958904109589,146,route,validation,2
17442,0.9352439990157669,0.04712041884816754,191,route,validation,2
17443,0.9351000199581754,0.035211267605633804,142,route,validation,2
17444,0.934360583338457,0.045112781954887216,133,route,validation,2
17445,0.9341162224362014,0.05847953216374269,171,route,validation,2
17446,0.9345401990443885,0.07272727272727272,220,route,validation,2
17447,0.9356765626807522,0.09090909090909091,110,route,validation,2
17448,0.9377220172262066,0.09774436090225563,133,route,validation,2
17449,0.9401092352713194,0.09036144578313253,166,route,validation,2
17450,0.9421273075604761,0.05405405405405406,148,route,validation,2
17451,0.9423300102631788,0.07482993197278912,147,route,validation,2
17452,0.9435715068618182,0.06944444444444445,144,route,validation,2
17453,0.9445437290840405,0.05737704918032787,122,route,validation,2
17454,0.9449125815430568,0.07194244604316546,139,route,validation,2
17455,0.9460097038452151,0.09032258064516129,155,route,validation,2
17456,0.9480258328774732,0.09352517985611511,139,route,validation,2
17457,0.9502020918702789,0.08045977011494253,174,route,validation,2
17458,0.9517250803760261,0.0375,160,route,validation,2
17459,0.9511000803760261,0.06818181818181818,132,route,validation,2
17460,0.952009171285117,0.11666666666666667,120,route,validation,2
17461,0.9553425046184503,0.07142857142857142,140,route,validation,2
17462,0.9564139331898789,0.12686567164179105,134,route,validation,2
17463,0.9602572167719684,0.0410958904109589,146,route,validation,2
17464,0.9598120112925164,0.12422360248447205,161,route,validation,2
17465,0.9635231914167399,0.06766917293233082,133,route,validation,2
17466,0.9644066500633565,0.08270676691729323,133,route,validation,2
17467,0.9660419884092212,0.058823529411764705,85,route,validation,2
17468,0.9664831648798095,0.03870967741935484,155,route,validation,2
17469,0.9659186487507772,0.11214953271028037,107,route,validation,2
17470,0.9690261253862912,0.0763888888888889,144,route,validation,2
17471,0.9703455698307356,0.013986013986013986,143,route,validation,2
17472,0.9685448705300364,0.06521739130434782,138,route,validation,2
17473,0.9693057400952537,0.02,150,route,validation,2
17474,0.9678057400952537,0.023622047244094488,127,route,validation,2
17475,0.9664868424574584,0.046511627906976744,129,route,validation,2
17476,0.9663124238528072,0.06164383561643835,146,route,validation,2
17477,0.9668946156336292,0.06593406593406594,91,route,validation,2
17478,0.9676913189303324,0.07801418439716312,141,route,validation,2
17479,0.9690920281501907,0.033112582781456956,151,route,validation,2
17480,0.9682476572892635,0.059322033898305086,118,route,validation,2
17481,0.9687137589841788,0.1076923076923077,130,route,validation,2
17482,0.9715983743687941,0.059602649006622516,151,route,validation,2
17483,0.9720785068191252,0.03636363636363636,110,route,validation,2
17484,0.9713966886373071,0.06896551724137931,116,route,validation,2
17485,0.972344964499376,0.02857142857142857,105,route,validation,2
17486,0.9712735359279474,0.05357142857142857,112,route,validation,2
17487,0.9714521073565189,0.04310344827586207,116,route,validation,2
17488,0.971107279770312,0.040983606557377046,122,route,validation,2
17489,0.9706564600981809,0.052083333333333336,96,route,validation,2
17490,0.9707606267648475,0.056451612903225805,124,route,validation,2
17491,0.9710832074100088,0.09333333333333334,75,route,validation,2
17492,0.9732498740766755,0.04,175,route,validation,2
17493,0.9727498740766755,0.030927835051546393,97,route,validation,2
17494,0.9717962658292528,0.05405405405405406,111,route,validation,2
17495,0.9719989685319554,0.037037037037037035,135,route,validation,2
17496,0.9713508203838074,0.057971014492753624,138,route,validation,2
17497,0.9717493711084451,0.05194805194805195,77,route,validation,2
17498,0.9718467737058476,0.032432432432432434,185,route,validation,2
17499,0.9709683953274693,0.06060606060606061,99,route,validation,2
17500,0.9714986983577723,0.0743801652892562,121,route,validation,2
17501,0.9727177066222351,0.03571428571428571,140,route,validation,2
17502,0.9720034209079493,0.03508771929824561,171,route,validation,2
17503,0.9712578068728617,0.059602649006622516,151,route,validation,2
17504,0.9717379393231927,0.025157232704402517,159,route,validation,2
17505,0.9704958009584129,0.05806451612903226,155,route,validation,2
17506,0.9708990267648645,0.013986013986013986,143,route,validation,2
17507,0.9690983274641652,0.020689655172413793,145,route,validation,2
17508,0.9676328102227859,0.039735099337748346,151,route,validation,2
17509,0.9671195651896733,0.05319148936170213,188,route,validation,2
17510,0.9672791396577585,0.06493506493506493,154,route,validation,2
17511,0.9680258929045117,0.03787878787878788,132,route,validation,2
17512,0.9674198322984511,0.05555555555555555,216,route,validation,2
17513,0.9676976100762289,0.1079913606911447,463,route,validation,2
17514,0.970597178110786,0.08189655172413793,232,route,validation,2
17515,0.9721920056969929,0.06844106463878327,263,route,validation,2
17516,0.9731140589289321,0.06220095693779904,209,route,validation,2
17517,0.9737241067758221,0.0657439446366782,289,route,validation,2
17518,0.974511304007656,0.09090909090909091,264,route,validation,2
17519,0.9765567585531105,0.08264462809917356,242,route,validation,2
17520,0.9781889899580692,0.08854166666666667,384,route,validation,2
17521,0.9801160732914026,0.0931899641577061,279,route,validation,2
17522,0.9822755714992879,0.07210031347962383,319,route,validation,2
17523,0.983380587173269,0.1360381861575179,419,route,validation,2
17524,0.9876824964811449,0.13190184049079753,326,route,validation,2
17525,0.9917775885056849,0.15335463258785942,313,route,validation,2
17526,0.995,0.10862619808306709,313,route,validation,2
17527,0.995,0.16477272727272727,352,route,validation,2
17528,0.995,0.11610486891385768,267,route,validation,2
17529,0.995,0.12595419847328243,262,route,validation,2
17530,0.995,0.11074918566775244,307,route,validation,2
17531,0.995,0.15053763440860216,279,route,validation,2
17532,0.995,0.14285714285714285,259,route,validation,2
17533,0.995,0.20408163265306123,196,route,validation,2
17534,0.995,0.15422885572139303,201,route,validation,2
17535,0.995,0.11353711790393013,229,route,validation,2
17536,0.995,0.15695067264573992,223,route,validation,2
17537,0.995,0.10824742268041238,194,route,validation,2
17538,0.995,0.10476190476190476,210,route,validation,2
17539,0.995,0.10833333333333334,120,route,validation,2
17540,0.995,0.12254901960784313,204,route,validation,2
17541,0.995,0.10824742268041238,194,route,validation,2
17542,0.995,0.12037037037037036,108,route,validation,2
17543,0.995,0.04375,160,route,validation,2
17544,0.995,0.0641025641025641,156,route,validation,2
17545,0.995,0.07692307692307693,91,route,validation,2
17546,0.995,0.10077519379844961,129,route,validation,2
17547,0.995,0.07142857142857142,98,route,validation,2
17548,0.995,0.10144927536231885,69,route,validation,2
17549,0.995,0.037037037037037035,108,route,validation,2
17550,0.995,0.06666666666666667,60,route,validation,2
17551,0.995,0.1044776119402985,67,route,validation,2
17431,0.95,,0,route,validation,3
17432,0.95,,0,route,validation,3
17433,0.95,,0,route,validation,3
17434,0.95,,0,route,validation,3
17435,0.95,,0,route,validation,3
17436,0.95,,0,route,validation,3
17437,0.95,,0,route,validation,3
17438,0.95,,0,route,validation,3
17439,0.95,,0,route,validation,3
17440,0.95,,0,route,validation,3
17441,0.95,,0,route,validation,3
17442,0.95,,0,route,validation,3
17443,0.95,,0,route,validation,3
17444,0.95,,0,route,validation,3
17445,0.95,0.0,1,route,validation,3
17446,0.9475,0.0,1,route,validation,3
17447,0.945,0.13043478260869565,46,route,validation,3
17448,0.9490217391304347,0.07692307692307693,26,route,validation,3
17449,0.9503678929765886,0.02564102564102564,39,route,validation,3
17450,0.9491499442586399,0.07317073170731707,41,route,validation,3
17451,0.9503084808440058,0.05172413793103448,58,route,validation,3
17452,0.9503946877405575,0.03636363636363636,55,route,validation,3
17453,0.9497128695587393,0.06756756756756757,74,route,validation,3
17454,0.9505912479371177,0.05172413793103448,58,route,validation,3
17455,0.9506774548336694,0.045454545454545456,88,route,validation,3
17456,0.9504501821063966,0.037383177570093455,107,route,validation,3
17457,0.9498193409849014,0.05555555555555555,108,route,validation,3
17458,0.9500971187626791,0.05384615384615385,130,route,validation,3
17459,0.9502894264549868,0.04132231404958678,121,route,validation,3
17460,0.9498555421574661,0.058333333333333334,120,route,validation,3
17461,0.9502722088241329,0.12389380530973451,113,route,validation,3
17462,0.9539668990896195,0.08035714285714286,112,route,validation,3
17463,0.9554847562324766,0.06086956521739131,115,route,validation,3
17464,0.9560282344933463,0.061068702290076333,131,route,validation,3
17465,0.9565816696078501,0.05421686746987952,166,route,validation,3
17466,0.956792512981344,0.06993006993006994,143,route,validation,3
17467,0.9577890164778475,0.04225352112676056,142,route,validation,3
17468,0.9574016925341856,0.008695652173913044,115,route,validation,3
17469,0.9553364751428812,0.07142857142857142,112,route,validation,3
17470,0.9564079037143098,0.04046242774566474,173,route,validation,3
17471,0.955931025101593,0.03389830508474576,118,route,validation,3
17472,0.9551259403558303,0.049689440993788817,161,route,validation,3
17473,0.9551104124055197,0.036585365853658534,164,route,validation,3
17474,0.9544396806982027,0.014285714285714285,140,route,validation,3
17475,0.9526539664124883,0.03305785123966942,121,route,validation,3
17476,0.9518068589744718,0.034013605442176874,147,route,validation,3
17477,0.9510075392465807,0.046052631578947366,152,route,validation,3
17478,0.9508101708255281,0.03205128205128205,156,route,validation,3
17479,0.9499127349280921,0.06086956521739131,115,route,validation,3
17480,0.9504562131889618,0.04516129032258064,155,route,validation,3
17481,0.9502142777050908,0.08527131782945736,129,route,validation,3
17482,0.9519778435965637,0.061224489795918366,147,route,validation,3
17483,0.9525390680863596,0.05063291139240506,158,route,validation,3
17484,0.9525707136559798,0.03816793893129771,131,route,validation,3
17485,0.9519791106025447,0.055944055944055944,143,route,validation,3
17486,0.9522763133997475,0.09174311926605505,109,route,validation,3
17487,0.9543634693630503,0.05511811023622047,127,route,validation,3
17488,0.9546193748748613,0.017857142857142856,112,route,validation,3
17489,0.9530122320177185,0.08943089430894309,123,route,validation,3
17490,0.9549837767331656,0.06329113924050633,158,route,validation,3
17491,0.9556483336951909,0.05982905982905983,117,route,validation,3
17492,0.9561397866866439,0.0380952380952381,105,route,validation,3
17493,0.9555445485914058,0.04487179487179487,156,route,validation,3
17494,0.9552881383349955,0.06622516556291391,151,route,validation,3
17495,0.9560993966131413,0.08,150,route,validation,3
17496,0.9575993966131412,0.03870967741935484,155,route,validation,3
17497,0.9570348804841089,0.11764705882352941,187,route,validation,3
17498,0.9604172334252854,0.03614457831325301,83,route,validation,3
17499,0.9597244623409481,0.052980132450331126,151,route,validation,3
17500,0.9598734689634646,0.06285714285714286,175,route,validation,3
17501,0.9605163261063218,0.06748466257668712,163,route,validation,3
17502,0.9613905592351562,0.03680981595092025,163,route,validation,3
17503,0.9607310500327021,0.06666666666666667,165,route,validation,3
17504,0.9615643833660354,0.05527638190954774,199,route,validation,3
17505,0.9618282024615129,0.047619047619047616,147,route,validation,3
17506,0.9617091548424652,0.08280254777070063,157,route,validation,3
17507,0.9633492822310002,0.06698564593301436,209,route,validation,3
17508,0.964198564527651,0.0893854748603352,179,route,validation,3
17509,0.9661678382706678,0.1032258064516129,155,route,validation,3
17510,0.9688291285932484,0.037037037037037035,189,route,validation,3
17511,0.9681809804451003,0.1905781584582441,467,route,validation,3
17512,0.9752098883680125,0.13425925925925927,216,route,validation,3
17513,0.9794228513309754,0.0975609756097561,246,route,validation,3
17514,0.9818009001114633,0.08870967741935484,248,route,validation,3
17515,0.983736383982431,0.06756756756756757,148,route,validation,3
17516,0.9846147623608094,0.10163934426229508,305,route,validation,3
17517,0.9871967295739241,0.15762273901808785,387,route,validation,3
17518,0.9925778665248285,0.19444444444444445,324,route,validation,3
17519,0.995,0.12452830188679245,265,route,validation,3
17520,0.995,0.20107238605898123,373,route,validation,3
17521,0.995,0.17579250720461095,347,route,validation,3
17522,0.995,0.13924050632911392,316,route,validation,3
17523,0.995,0.1349862258953168,363,route,validation,3
17524,0.995,0.13454545454545455,275,route,validation,3
17525,0.995,0.1716171617161716,303,route,validation,3
17526,0.995,0.18604651162790697,215,route,validation,3
17527,0.995,0.22477064220183487,218,route,validation,3
17528,0.995,0.1715686274509804,204,route,validation,3
17529,0.995,0.16071428571428573,224,route,validation,3
17530,0.995,0.13986013986013987,286,route,validation,3
17531,0.995,0.16972477064220184,218,route,validation,3
17532,0.995,0.2,230,route,validation,3
17533,0.995,0.12389380530973451,113,route,validation,3
17534,0.995,0.1336206896551724,232,route,validation,3
17535,0.995,0.25892857142857145,112,route,validation,3
17536,0.995,0.12571428571428572,175,route,validation,3
17537,0.995,0.1746031746031746,126,route,validation,3
17538,0.995,0.11382113821138211,123,route,validation,3
17539,0.995,0.1651376146788991,109,route,validation,3
17540,0.995,0.11965811965811966,117,route,validation,3
17541,0.995,0.10989010989010989,91,route,validation,3
17542,0.995,0.04807692307692308,104,route,validation,3
17543,0.995,0.15217391304347827,92,route,validation,3
17544,0.995,0.02564102564102564,117,route,validation,3
17545,0.995,0.11475409836065574,61,route,validation,3
17546,0.995,0.03669724770642202,109,route,validation,3
17547,0.995,0.047058823529411764,85,route,validation,3
17548,0.995,0.08571428571428572,35,route,validation,3
17549,0.995,0.04938271604938271,162,route,validation,3
17550,0.995,0.0,29,route,validation,3
17551,0.995,0.04424778761061947,113,route,validation,3
17552,0.995,0.03225806451612903,62,route,validation,3
17553,0.995,0.05084745762711865,59,route,validation,3
17554,0.995,0.0,59,route,validation,3
17555,0.995,0.037037037037037035,81,route,validation,3
17556,0.995,0.010638297872340425,94,route,validation,3
17557,0.995,0.0,34,route,validation,3
17558,0.995,0.0,75,route,validation,3
17559,0.995,0.0,73,route,validation,3
17560,0.995,0.01020408163265306,98,route,validation,3
17561,0.995,0.018867924528301886,106,route,validation,3
17562,0.995,0.0,75,route,validation,3
17563,0.995,0.014285714285714285,70,route,validation,3
17564,0.995,0.020833333333333332,96,route,validation,3
17565,0.995,0.04861111111111111,144,route,validation,3
17566,0.995,0.007194244604316547,139,route,validation,3
17567,0.995,0.0,46,route,validation,3
17568,0.995,0.01680672268907563,119,route,validation,3
17569,0.995,0.035398230088495575,113,route,validation,3
17570,0.995,0.013513513513513514,148,route,validation,3
17571,0.995,0.014184397163120567,141,route,validation,3
17572,0.995,0.0,70,route,validation,3
17573,0.995,0.02962962962962963,135,route,validation,3
17574,0.995,0.0,139,route,validation,3
17575,0.995,0.015748031496062992,127,route,validation,3
17576,0.995,0.0,121,route,validation,3
17577,0.995,0.0,140,route,validation,3
17578,0.995,0.0,77,route,validation,3
17579,0.995,0.006666666666666667,150,route,validation,3
17580,0.995,0.024539877300613498,163,route,validation,3
17581,0.995,0.011428571428571429,175,route,validation,3
17582,0.995,0.01818181818181818,55,route,validation,3
17583,0.995,0.015228426395939087,197,route,validation,3
17584,0.995,0.016129032258064516,186,route,validation,3
17464,0.95,,0,route,validation,4
17465,0.95,,0,route,validation,4
17466,0.95,,0,route,validation,4
17467,0.95,,0,route,validation,4
17468,0.95,,0,route,validation,4
17469,0.95,,0,route,validation,4
17470,0.95,,0,route,validation,4
17471,0.95,,0,route,validation,4
17472,0.95,,0,route,validation,4
17473,0.95,,0,route,validation,4
17474,0.95,,0,route,validation,4
17475,0.95,,0,route,validation,4
17476,0.95,,0,route,validation,4
17477,0.95,,0,route,validation,4
17478,0.95,0.0,2,route,validation,4
17479,0.9475,,0,route,validation,4
17480,0.9475,0.06060606060606061,33,route,validation,4
17481,0.948030303030303,0.06382978723404255,47,route,validation,4
17482,0.9487217923920052,0.08888888888888889,45,route,validation,4
17483,0.9506662368364496,0.034482758620689655,29,route,validation,4
17484,0.9498903747674841,0.058823529411764705,51,route,validation,4
17485,0.9503315512380723,0.0392156862745098,51,route,validation,4
17486,0.9497923355517978,0.07317073170731707,82,route,validation,4
17487,0.9509508721371637,0.0,38,route,validation,4
17488,0.9484508721371636,0.03333333333333333,90,route,validation,4
17489,0.9476175388038304,0.125,88,route,validation,4
17490,0.9513675388038303,0.07142857142857142,112,route,validation,4
17491,0.9524389673752589,0.02666666666666667,75,route,validation,4
17492,0.9512723007085923,0.02857142857142857,105,route,validation,4
17493,0.9502008721371636,0.06474820143884892,139,route,validation,4
17494,0.9509382822091061,0.06557377049180328,122,route,validation,4
17495,0.9517169707336963,0.06796116504854369,206,route,validation,4
17496,0.9526150289861235,0.10526315789473684,133,route,validation,4
17497,0.9553781868808603,0.11607142857142858,112,route,validation,4
17498,0.9586817583094317,0.04895104895104895,143,route,validation,4
17499,0.9586293107569842,0.08,100,route,validation,4
17500,0.9601293107569842,0.061224489795918366,196,route,validation,4
17501,0.96069053524678,0.0743801652892562,121,route,validation,4
17502,0.9619095435112429,0.06140350877192982,228,route,validation,4
17503,0.9624797189498394,0.06086956521739131,115,route,validation,4
17504,0.963023197210709,0.06837606837606838,234,route,validation,4
17505,0.9639420006295124,0.07017543859649122,171,route,validation,4
17506,0.9649507725593369,0.10227272727272728,88,route,validation,4
17507,0.9675644089229734,0.06930693069306931,202,route,validation,4
17508,0.9685297554576268,0.07647058823529412,170,route,validation,4
17509,0.9698532848693915,0.07567567567567568,185,route,validation,4
17510,0.9711370686531753,0.07179487179487179,195,route,validation,4
17511,0.9722268122429188,0.19501133786848074,441,route,validation,4
17512,0.9794773791363429,0.12295081967213115,244,route,validation,4
17513,0.9831249201199495,0.11983471074380166,242,route,validation,4
17514,0.9866166556571395,0.07547169811320754,265,route,validation,4
17515,0.9878902405628,0.11041009463722397,317,route,validation,4
17516,0.990910745294661,0.14189189189189189,148,route,validation,4
17517,0.995,0.16953316953316952,407,route,validation,4
17518,0.995,0.20257234726688103,311,route,validation,4
17519,0.995,0.20048899755501223,409,route,validation,4
17520,0.995,0.2182410423452769,307,route,validation,4
17521,0.995,0.1660377358490566,265,route,validation,4
17522,0.995,0.12323943661971831,284,route,validation,4
17523,0.995,0.13554987212276215,391,route,validation,4
17524,0.995,0.17666666666666667,300,route,validation,4
17525,0.995,0.18627450980392157,204,route,validation,4
17526,0.995,0.14705882352941177,170,route,validation,4
17527,0.995,0.19921875,256,route,validation,4
17528,0.995,0.17889908256880735,218,route,validation,4
17529,0.995,0.14937759336099585,241,route,validation,4
17530,0.995,0.14285714285714285,161,route,validation,4
17531,0.995,0.15151515151515152,264,route,validation,4
17532,0.995,0.19161676646706588,167,route,validation,4
17533,0.995,0.17511520737327188,217,route,validation,4
17534,0.995,0.1896551724137931,116,route,validation,4
17535,0.995,0.14705882352941177,204,route,validation,4
17536,0.995,0.13636363636363635,110,route,validation,4
17537,0.995,0.21333333333333335,75,route,validation,4
17538,0.995,0.09933774834437085,151,route,validation,4
17539,0.995,0.13953488372093023,86,route,validation,4
17540,0.995,0.11538461538461539,130,route,validation,4
17541,0.995,0.12962962962962962,108,route,validation,4
17542,0.995,0.09230769230769231,65,route,validation,4
17543,0.995,0.06593406593406594,91,route,validation,4
17544,0.995,0.16417910447761194,67,route,validation,4
17545,0.995,0.02531645569620253,79,route,validation,4
17546,0.995,0.0,54,route,validation,4
17547,0.995,0.12121212121212122,66,route,validation,4
17548,0.995,0.02027027027027027,148,route,validation,4
17549,0.995,0.02,150,route,validation,4
17550,0.995,0.10869565217391304,46,route,validation,4
17551,0.995,0.04081632653061224,98,route,validation,4
17552,0.995,0.0273972602739726,73,route,validation,4
17553,0.995,0.046511627906976744,86,route,validation,4
17554,0.995,0.02040816326530612,49,route,validation,4
17555,0.995,0.058823529411764705,68,route,validation,4
17556,0.995,0.0,91,route,validation,4
17557,0.995,0.014925373134328358,67,route,validation,4
17558,0.995,0.0,74,route,validation,4
17559,0.995,0.028846153846153848,104,route,validation,4
17560,0.995,0.0,79,route,validation,4
17561,0.995,0.0,79,route,validation,4
17562,0.995,0.0,86,route,validation,4
17563,0.995,0.017241379310344827,58,route,validation,4
17564,0.995,0.020833333333333332,144,route,validation,4
17565,0.995,0.051470588235294115,136,route,validation,4
17566,0.995,0.0072992700729927005,137,route,validation,4
17567,0.995,0.02127659574468085,47,route,validation,4
17568,0.995,0.01639344262295082,122,route,validation,4
17569,0.995,0.03508771929824561,114,route,validation,4
17570,0.995,0.012121212121212121,165,route,validation,4
17571,0.995,0.0136986301369863,146,route,validation,4
17572,0.995,0.0,87,route,validation,4
17573,0.995,0.027210884353741496,147,route,validation,4
17574,0.995,0.0,138,route,validation,4
17575,0.995,0.015503875968992248,129,route,validation,4
17576,0.995,0.0,122,route,validation,4
17577,0.995,0.0,143,route,validation,4
17578,0.995,0.0,75,route,validation,4
17579,0.995,0.006578947368421052,152,route,validation,4
17580,0.995,0.024539877300613498,163,route,validation,4
17581,0.995,0.005813953488372093,172,route,validation,4
17582,0.995,0.01694915254237288,59,route,validation,4
17583,0.995,0.014563106796116505,206,route,validation,4
17584,0.995,0.016129032258064516,186,route,validation,4
17585,0.995,0.0,179,route,validation,4
17586,0.995,0.017241379310344827,116,route,validation,4
17587,0.995,0.012903225806451613,155,route,validation,4
17588,0.995,0.00641025641025641,156,route,validation,4
17589,0.995,0.01568627450980392,255,route,validation,4
17590,0.995,0.009174311926605505,109,route,validation,4
17591,0.995,0.004629629629629629,216,route,validation,4
17592,0.995,0.022857142857142857,175,route,validation,4
17593,0.995,0.010309278350515464,97,route,validation,4
17594,0.995,0.0,183,route,validation,4
17595,0.995,0.013953488372093023,215,route,validation,4
17596,0.995,0.007751937984496124,129,route,validation,4
17597,0.995,0.006993006993006993,143,route,validation,4
17598,0.995,0.0,179,route,validation,4
17599,0.995,0.009523809523809525,105,route,validation,4
17600,0.995,0.015625,192,route,validation,4
17601,0.995,0.012987012987012988,154,route,validation,4
17602,0.995,0.0,229,route,validation,4
17603,0.995,0.00819672131147541,122,route,validation,4
17604,0.995,0.0055248618784530384,181,route,validation,4
17605,0.995,0.0,142,route,validation,4
17606,0.995,0.005747126436781609,174,route,validation,4
17607,0.995,0.005154639175257732,194,route,validation,4
17608,0.995,0.0070921985815602835,141,route,validation,4
17609,0.995,0.0,88,route,validation,4
17610,0.995,0.0,192,route,validation,4
17611,0.995,0.0,186,route,validation,4
17612,0.995,0.0,118,route,validation,4
17613,0.995,0.010101010101010102,198,route,validation,4
17614,0.995,0.012578616352201259,159,route,validation,4
17615,0.995,0.01098901098901099,182,route,validation,4
17616,0.995,0.017064846416382253,293,route,validation,4
17557,0.95,,0,engine,test,0
17558,0.95,,0,engine,test,0
17559,0.95,,0,engine,test,0
17560,0.95,,0,engine,test,0
17561,0.95,,0,engine,test,0
17562,0.95,,0,engine,test,0
17563,0.95,,0,engine,test,0
17564,0.95,,0,engine,test,0
17565,0.95,,0,engine,test,0
17566,0.95,,0,engine,test,0
17567,0.95,,0,engine,test,0
17568,0.95,,0,engine,test,0
17569,0.95,,0,engine,test,0
17570,0.95,,0,engine,test,0
17571,0.95,,0,engine,test,0
17572,0.95,0.0,2,engine,test,0
17573,0.9475,0.0,15,engine,test,0
17574,0.945,0.0,23,engine,test,0
17575,0.9425,0.0,16,engine,test,0
17576,0.94,0.0,24,engine,test,0
17577,0.9375,0.0,18,engine,test,0
17578,0.9349999999999999,0.0,24,engine,test,0
17579,0.9325,0.041666666666666664,24,engine,test,0
17580,0.9320833333333334,0.05,40,engine,test,0
17581,0.9320833333333334,0.0,38,engine,test,0
17582,0.9295833333333333,0.021739130434782608,46,engine,test,0
17583,0.9281702898550724,0.01818181818181818,55,engine,test,0
17584,0.9265793807641634,0.0,51,engine,test,0
17585,0.9240793807641634,0.07575757575757576,66,engine,test,0
17586,0.9253672595520421,0.012658227848101266,79,engine,test,0
17587,0.9235001709444473,0.012987012987012988,77,engine,test,0
17588,0.9216495215937979,0.047058823529411764,85,engine,test,0
17589,0.9215024627702685,0.04819277108433735,83,engine,test,0
17590,0.9214121013244854,0.012658227848101266,79,engine,test,0
17591,0.9195450127168904,0.011235955056179775,89,engine,test,0
17592,0.9176068104696994,0.03,100,engine,test,0
17593,0.9166068104696994,0.03361344537815126,119,engine,test,0
17594,0.9157874827386069,0.05128205128205128,117,engine,test,0
17595,0.9158515853027095,0.045454545454545456,110,engine,test,0
17596,0.9156243125754367,0.03731343283582089,134,engine,test,0
17597,0.9149899842172278,0.012903225806451613,155,engine,test,0
17598,0.9131351455075504,0.013888888888888888,144,engine,test,0
17599,0.9113295899519949,0.058823529411764705,153,engine,test,0
17600,0.911770766422583,0.037037037037037035,162,engine,test,0
17601,0.911122618274435,0.015151515151515152,198,engine,test,0
17602,0.9093801940320106,0.045714285714285714,175,engine,test,0
17603,0.9091659083177249,0.059782608695652176,184,engine,test,0
17604,0.9096550387525075,0.015957446808510637,188,engine,test,0
17605,0.9079529110929331,0.038834951456310676,206,engine,test,0
17606,0.9073946586657486,0.04081632653061224,196,engine,test,0
17607,0.9069354749922792,0.027906976744186046,215,engine,test,0
17608,0.9058308238294885,0.04065040650406504,246,engine,test,0
17609,0.9053633441546918,0.04230769230769231,260,engine,test,0
17610,0.9049787287700765,0.06302521008403361,238,engine,test,0
17611,0.9056299892742781,0.06779661016949153,236,engine,test,0
17612,0.9065198197827526,0.05426356589147287,258,engine,test,0
17613,0.9067329980773263,0.046263345195729534,281,engine,test,0
17614,0.9065461653371127,0.06719367588932806,253,engine,test,0
17615,0.9074058491315792,0.05904059040590406,271,engine,test,0
17616,0.9078578786518744,0.07167235494880546,293,engine,test,0
17617,0.9089414963993147,0.05555555555555555,252,engine,test,0
17618,0.9092192741770925,0.06159420289855073,276,engine,test,0
17619,0.90979898432202,0.06642066420664207,271,engine,test,0
17620,0.9106200175323521,0.10666666666666667,300,engine,test,0
17621,0.9134533508656855,0.06188925081433225,307,engine,test,0
17622,0.9140478134064021,0.06521739130434782,322,engine,test,0
17623,0.9148086829716194,0.08280254777070063,314,engine,test,0
17624,0.9164488103601545,0.12345679012345678,324,engine,test,0
17625,0.9201216498663273,0.12121212121212122,396,engine,test,0
17626,0.9236822559269333,0.08945686900958466,313,engine,test,0
17627,0.9256550993774125,0.093841642228739,341,engine,test,0
17628,0.9278471814888495,0.10644257703081232,357,engine,test,0
17629,0.9306693103403901,0.10493827160493827,324,engine,test,0
17630,0.9334162239206371,0.14150943396226415,318,engine,test,0
17631,0.9379916956187503,0.11014492753623188,345,engine,test,0
17632,0.9409989419955619,0.10091743119266056,327,engine,test,0
17633,0.9435448135551948,0.09904153354632587,313,engine,test,0
17634,0.9459968902325111,0.11041009463722397,317,engine,test,0
17635,0.9490173949643723,0.0708955223880597,268,engine,test,0
17636,0.9500621710837753,0.1284722222222222,288,engine,test,0
17637,0.9539857821948865,0.09352517985611511,278,engine,test,0
17638,0.9561620411876922,0.09375,256,engine,test,0
17639,0.9583495411876922,0.08936170212765958,235,engine,test,0
17640,0.9603176262940751,0.08695652173913043,253,engine,test,0
17641,0.9621654523810317,0.07246376811594203,276,engine,test,0
17642,0.9632886407868289,0.05240174672489083,229,engine,test,0
17643,0.9634087281230733,0.07630522088353414,249,engine,test,0
17644,0.9647239891672501,0.06639004149377593,241,engine,test,0
17645,0.9655434912419388,0.06521739130434782,230,engine,test,0
17646,0.9663043608071562,0.07407407407407407,216,engine,test,0
17647,0.9675080645108599,0.06857142857142857,175,engine,test,0
17648,0.9684366359394314,0.049107142857142856,224,engine,test,0
17649,0.9683919930822885,0.055,200,engine,test,0
17650,0.9686419930822885,0.043689320388349516,206,engine,test,0
17651,0.968326459101706,0.05945945945945946,185,engine,test,0
17652,0.968799432074679,0.033707865168539325,178,engine,test,0
17653,0.9679848253331059,0.0782122905027933,179,engine,test,0
17654,0.9693954398582456,0.030864197530864196,162,engine,test,0
17655,0.9684386497347888,0.0625,144,engine,test,0
17656,0.9690636497347889,0.03529411764705882,170,engine,test,0
17657,0.9683283556171418,0.05263157894736842,152,engine,test,0
17658,0.9684599345645102,0.038461538461538464,156,engine,test,0
17659,0.9678830114875872,0.04242424242424243,165,engine,test,0
17660,0.9675042236087992,0.02702702702702703,185,engine,test,0
17661,0.9663555749601506,0.031055900621118012,161,engine,test,0
17662,0.9654083699912065,0.022727272727272728,176,engine,test,0
17663,0.9640447336275701,0.022388059701492536,134,engine,test,0
17664,0.9626641366126447,0.006756756756756757,148,engine,test,0
17665,0.9605019744504826,0.013888888888888888,144,engine,test,0
17666,0.9586964188949271,0.005050505050505051,198,engine,test,0
17667,0.9564489441474523,0.011904761904761904,168,engine,test,0
17668,0.9545441822426903,0.0,143,engine,test,0
17669,0.9520441822426904,0.016042780748663103,187,engine,test,0
17670,0.9503463212801235,0.012121212121212121,165,engine,test,0
17671,0.9484523818861841,0.012048192771084338,166,engine,test,0
17672,0.9465547915247383,0.006369426751592357,157,engine,test,0
17673,0.9443732628623179,0.011764705882352941,170,engine,test,0
17674,0.9424614981564357,0.014634146341463415,205,engine,test,0
17675,0.9406932054735088,0.0189873417721519,158,engine,test,0
17676,0.9391425725621164,0.010471204188481676,191,engine,test,0
17677,0.9371661327715405,0.005434782608695652,184,engine,test,0
17678,0.9349378719019752,0.017142857142857144,175,engine,test,0
17679,0.9332950147591181,0.01639344262295082,183,engine,test,0
17680,0.9316146868902656,0.017045454545454544,176,engine,test,0
17681,0.9299669596175384,0.008583690987124463,233,engine,test,0
17682,0.9278961441668946,0.014354066985645933,209,engine,test,0
17683,0.9261138475161769,0.004975124378109453,201,engine,test,0
17684,0.9238626037350823,0.02631578947368421,190,engine,test,0
17685,0.9226783932087665,0.010309278350515464,194,engine,test,0
17686,0.9206938571262924,0.013888888888888888,216,engine,test,0
17687,0.9188883015707368,0.027237354085603113,257,engine,test,0
17688,0.917750169275017,0.02666666666666667,225,engine,test,0
17689,0.9165835026083503,0.025423728813559324,236,engine,test,0
17690,0.9153546890490283,0.014598540145985401,274,engine,test,0
17691,0.9135846160563275,0.01818181818181818,275,engine,test,0
17692,0.9119937069654185,0.016,250,engine,test,0
17693,0.9102937069654184,0.02304147465437788,217,engine,test,0
17694,0.9089457806981374,0.02092050209205021,239,engine,test,0
17695,0.9074918058027398,0.024096385542168676,249,engine,test,0
17696,0.9061966250798482,0.015037593984962405,266,engine,test,0
17697,0.9044485047790963,0.0036496350364963502,274,engine,test,0
17698,0.9021309865309212,0.016597510373443983,241,engine,test,0
17699,0.9004608620495934,0.0034482758620689655,290,engine,test,0
17700,0.8981332758426969,0.010869565217391304,276,engine,test,0
17701,0.8961767541035663,0.016233766233766232,308,engine,test,0
17702,0.8944884424152547,0.006514657980456026,307,engine,test,0
17703,0.8923141753142775,0.02710843373493976,332,engine,test,0
17704,0.8911695970010245,0.012422360248447204,322,engine,test,0
17705,0.8892907150134468,0.014336917562724014,279,engine,test,0
17706,0.887507560891583,0.006756756756756757,296,engine,test,0
17707,0.8853453987294209,0.021739130434782608,322,engine,test,0
17708,0.88393235525116,0.002890173410404624,346,engine,test,0
17709,0.8815768639216802,0.008310249307479225,361,engine,test,0
17710,0.8794923763870542,0.0029585798816568047,338,engine,test,0
17711,0.8771403053811371,0.009036144578313253,332,engine,test,0
17712,0.8750921126100527,0.009009009009009009,333,engine,test,0
17713,0.8730425630605032,0.015479876160990712,323,engine,test,0
17714,0.8713165568685527,0.016891891891891893,296,engine,test,0
17715,0.8696611514631474,0.03669724770642202,327,engine,test,0
17716,0.8689960138484685,0.03202846975088968,281,engine,test,0
17717,0.8680974373360129,0.020527859237536656,341,engine,test,0
17718,0.8666238302978897,0.010033444816053512,299,engine,test,0
17719,0.8646255025386924,0.006369426751592357,314,engine,test,0
17720,0.862443973876272,0.027972027972027972,286,engine,test,0
17721,0.8613425752748735,0.02903225806451613,310,engine,test,0
17722,0.8602941881780992,0.046511627906976744,301,engine,test,0
17723,0.860119769573448,0.03678929765886288,299,engine,test,0
17724,0.8594592344563912,0.03214285714285714,280,engine,test,0
17725,0.8585663773135341,0.023809523809523808,294,engine,test,0
17726,0.8572568535040103,0.030534351145038167,262,engine,test,0
17727,0.8562835710612622,0.01171875,256,engine,test,0
17728,0.8543695085612621,0.015444015444015444,259,engine,test,0
17729,0.852641709333463,0.025423728813559324,236,engine,test,0
17730,0.8514128957741409,0.02973977695167286,269,engine,test,0
17731,0.8503998846217246,0.030973451327433628,226,engine,test,0
17732,0.8494485571880962,0.030973451327433628,226,engine,test,0
17733,0.848497229754468,0.056818181818181816,176,engine,test,0
17734,0.848838138845377,0.06547619047619048,168,engine,test,0
17735,0.8496119483691865,0.0896551724137931,145,engine,test,0
17736,0.8515947069898762,0.07142857142857142,112,engine,test,0
17737,0.8526661355613048,0.07236842105263158,152,engine,test,0
17738,0.8537845566139364,0.09774436090225563,133,engine,test,0
17739,0.8561717746590491,0.04580152671755725,131,engine,test,0
17740,0.8559618509949269,0.04929577464788732,142,engine,test,0
17741,0.8559266397273213,0.06802721088435375,147,engine,test,0
17742,0.856828000271539,0.0718954248366013,153,engine,test,0
17743,0.857922771513369,0.05789473684210526,190,engine,test,0
17744,0.8583175083554744,0.05521472392638037,163,engine,test,0
17745,0.8585782445517933,0.031088082901554404,193,engine,test,0
17746,0.8576326486968711,0.05319148936170213,188,engine,test,0
17747,0.8577922231649562,0.046632124352331605,193,engine,test,0
17748,0.8576238293825728,0.04054054054054054,222,engine,test,0
17749,0.8571508564095998,0.02643171806167401,227,engine,test,0
17750,0.8559724423126835,0.07003891050583658,257,engine,test,0
17751,0.8569743878379753,0.055762081784386616,269,engine,test,0
17752,0.8572624919271947,0.06967213114754098,244,engine,test,0
17753,0.8582460984845717,0.038869257950530034,283,engine,test,0
17754,0.8576895613820983,0.04633204633204633,259,engine,test,0
17755,0.8575061636987006,0.043668122270742356,229,engine,test,0
17756,0.8571895698122377,0.08424908424908426,273,engine,test,0
17757,0.8589020240246918,0.07509881422924901,253,engine,test,0
17758,0.8601569647361543,0.075,280,engine,test,0
17759,0.8614069647361544,0.06367041198501873,267,engine,test,0
17760,0.8620904853354053,0.056338028169014086,284,engine,test,0
17761,0.862407386743856,0.0425531914893617,282,engine,test,0
17762,0.8620350463183241,0.04452054794520548,292,engine,test,0
17763,0.8617610737155843,0.044897959183673466,245,engine,test,0
17764,0.8615059716747681,0.055944055944055944,286,engine,test,0
17765,0.8618031744719709,0.03355704697986577,298,engine,test,0
17766,0.8609810268209641,0.053763440860215055,279,engine,test,0
17767,0.8611691988639749,0.0392156862745098,306,engine,test,0
17768,0.8606299831777003,0.036101083032490974,277,engine,test,0
17769,0.8599350373293249,0.03806228373702422,289,engine,test,0
17770,0.8593381515161761,0.075,320,engine,test,0
17771,0.8605881515161761,0.07590759075907591,303,engine,test,0
17772,0.86188353105413,0.03932584269662921,356,engine,test,0
17557,0.95,,0,route,test,0
17558,0.95,,0,route,test,0
17559,0.95,,0,route,test,0
17560,0.95,,0,route,test,0
17561,0.95,,0,route,test,0
17562,0.95,,0,route,test,0
17563,0.95,,0,route,test,0
17564,0.95,,0,route,test,0
17565,0.95,,0,route,test,0
17566,0.95,,0,route,test,0
17567,0.95,,0,route,test,0
17568,0.95,,0,route,test,0
17569,0.95,,0,route,test,0
17570,0.95,,0,route,test,0
17571,0.95,,0,route,test,0
17572,0.95,,0,route,test,0
17573,0.95,,0,route,test,0
17574,0.95,,0,route,test,0
17575,0.95,,0,route,test,0
17576,0.95,,0,route,test,0
17577,0.95,,0,route,test,0
17578,0.95,0.0,2,route,test,0
17579,0.9475,0.0,1,route,test,0
17580,0.945,0.0,2,route,test,0
17581,0.9425,0.04,75,route,test,0
17582,0.942,0.06557377049180328,61,route,test,0
17583,0.9427786885245901,0.0,3,route,test,0
17584,0.9402786885245902,0.034482758620689655,58,route,test,0
17585,0.9395028264556247,0.0,78,route,test,0
17586,0.9370028264556246,0.025974025974025976,77,route,test,0
17587,0.9358015277543259,0.04081632653061224,98,route,test,0
17588,0.9353423440808566,0.013333333333333334,75,route,test,0
17589,0.9335090107475232,0.03896103896103896,77,route,test,0
17590,0.9329570626955751,0.02702702702702703,74,route,test,0
17591,0.9318084140469265,0.02830188679245283,106,route,test,0
17592,0.9307235083865492,0.05309734513274336,113,route,test,0
17593,0.9308783756431863,0.02727272727272727,110,route,test,0
17594,0.9297420120068227,0.04132231404958678,121,route,test,0
17595,0.929308127709302,0.05405405405405406,148,route,test,0
17596,0.9295108304120048,0.041379310344827586,145,route,test,0
17597,0.929079795929246,0.035398230088495575,113,route,test,0
17598,0.9283497074336708,0.02608695652173913,115,route,test,0
17599,0.9271540552597578,0.05154639175257732,194,route,test,0
17600,0.9272313748473867,0.02247191011235955,178,route,test,0
17601,0.9258549703530047,0.02702702702702703,185,route,test,0
17602,0.9247063217043561,0.03211009174311927,218,route,test,0
17603,0.923811826291512,0.032432432432432434,185,route,test,0
17604,0.9229334479131336,0.026455026455026454,189,route,test,0
17605,0.9217561992358849,0.016260162601626018,246,route,test,0
17606,0.9200692073659662,0.06310679611650485,206,route,test,0
17607,0.9207245471717915,0.040697674418604654,172,route,test,0
17608,0.9202594308927217,0.06325301204819277,332,route,test,0
17609,0.9209220814951313,0.04417670682730924,249,route,test,0
17610,0.9206309168364968,0.09883720930232558,172,route,test,0
17611,0.9230727773016131,0.06086956521739131,230,route,test,0
17612,0.9236162555624826,0.057750759878419454,329,route,test,0
17613,0.9240037935564036,0.029045643153526972,241,route,test,0
17614,0.92295607571408,0.048458149779735685,227,route,test,0
17615,0.9228789832030667,0.07142857142857142,182,route,test,0
17616,0.9239504117744953,0.06424581005586592,358,route,test,0
17617,0.9246627022772886,0.05701754385964912,228,route,test,0
17618,0.9250135794702711,0.06481481481481481,324,route,test,0
17619,0.9257543202110118,0.05737704918032787,244,route,test,0
17620,0.9261231726700282,0.0706713780918728,283,route,test,0
17621,0.9271567415746218,0.07457627118644068,295,route,test,0
17622,0.9283855551339438,0.10752688172043011,279,route,test,0
17623,0.9312618992199654,0.12951807228915663,332,route,test,0
17624,0.9352378028344233,0.1,280,route,test,0
17625,0.9377378028344232,0.07398568019093078,419,route,test,0
17626,0.9389370868439697,0.12745098039215685,306,route,test,0
17627,0.9428096358635776,0.14841849148418493,411,route,test,0
17628,0.9477305604377868,0.13043478260869565,368,route,test,0
17629,0.9517522995682216,0.13114754098360656,366,route,test,0
17630,0.955809676617402,0.09803921568627451,204,route,test,0
17631,0.9582116374017157,0.12654320987654322,324,route,test,0
17632,0.9620387978955428,0.07604562737642585,263,route,test,0
17633,0.9633410792643642,0.0886426592797784,361,route,test,0
17634,0.965273212228353,0.09125475285171103,263,route,test,0
17635,0.9673359498709386,0.10108303249097472,277,route,test,0
17636,0.9698901014954874,0.09345794392523364,214,route,test,0
17637,0.9720629986917491,0.08139534883720931,258,route,test,0
17638,0.9736327661336095,0.07806691449814127,269,route,test,0
17639,0.9750361118585166,0.1134453781512605,238,route,test,0
17640,0.9782083807660796,0.11152416356877323,269,route,test,0
17641,0.9812845889445182,0.08695652173913043,230,route,test,0
17642,0.9831324150314747,0.06201550387596899,258,route,test,0
17643,0.9837331902252732,0.07755102040816327,245,route,test,0
17644,0.9851107412456814,0.09154929577464789,142,route,test,0
17645,0.9871882060344138,0.035897435897435895,195,route,test,0
17646,0.9864830778292856,0.04477611940298507,268,route,test,0
17647,0.9862218837994349,0.02654867256637168,226,route,test,0
17648,0.9850493174277534,0.08333333333333333,156,route,test,0
17649,0.9867159840944201,0.06829268292682927,205,route,test,0
17650,0.9876306182407616,0.06341463414634146,205,route,test,0
17651,0.9883013499480786,0.0782608695652174,115,route,test,0
17652,0.9897143934263395,0.027624309392265192,181,route,test,0
17653,0.9885956088959528,0.07333333333333333,150,route,test,0
17654,0.9897622755626194,0.039735099337748346,151,route,test,0
17655,0.9892490305295069,0.03015075376884422,199,route,test,0
17656,0.988256568217949,0.022099447513812154,181,route,test,0
17657,0.9868615405936396,0.037383177570093455,107,route,test,0
17658,0.9862306994721444,0.023952095808383235,167,route,test,0
17659,0.9849283042625635,0.03496503496503497,143,route,test,0
17660,0.9841765560108152,0.021739130434782608,92,route,test,0
17661,0.9827635125325543,0.009009009009009009,111,route,test,0
17662,0.9807139629830048,0.010752688172043012,186,route,test,0
17663,0.978751597391607,0.03278688524590164,61,route,test,0
17664,0.977890941653902,0.015544041450777202,193,route,test,0
17665,0.9761681437264409,0.006666666666666667,150,route,test,0
17666,0.9740014770597742,0.038461538461538464,104,route,test,0
17667,0.9734245539828512,0.0,141,route,test,0
17668,0.9709245539828512,0.017543859649122806,114,route,test,0
17669,0.9693017469653074,0.030303030303030304,132,route,test,0
17670,0.9683168984804588,0.030303030303030304,99,route,test,0
17671,0.9673320499956103,0.021505376344086023,93,route,test,0
17672,0.9659073188128147,0.008849557522123894,113,route,test,0
17673,0.9638497966889208,0.009345794392523364,107,route,test,0
17674,0.961817086408547,0.013605442176870748,147,route,test,0
17675,0.9599973585173905,0.0,171,route,test,0
17676,0.9574973585173905,0.0,46,route,test,0
17677,0.9549973585173905,0.0,199,route,test,0
17678,0.9524973585173905,0.006711409395973154,149,route,test,0
17679,0.9503329289871891,0.005025125628140704,199,route,test,0
17680,0.9480841852685962,0.0,127,route,test,0
17681,0.9455841852685962,0.005235602094240838,191,route,test,0
17682,0.9433459653733083,0.02040816326530612,49,route,test,0
17683,0.9418663735365735,0.013793103448275862,145,route,test,0
17684,0.9400560287089873,0.014925373134328358,134,route,test,0
17685,0.9383022973657038,0.028169014084507043,71,route,test,0
17686,0.9372107480699291,0.007518796992481203,266,route,test,0
17687,0.9350866879195532,0.0,78,route,test,0
17688,0.9325866879195531,0.010526315789473684,190,route,test,0
17689,0.9306130037090269,0.0,218,route,test,0
17690,0.9281130037090268,0.00641025641025641,312,route,test,0
17691,0.9259335165295397,0.00980392156862745,204,route,test,0
17692,0.923923712607971,0.0029069767441860465,344,route,test,0
17693,0.9215690614451804,0.008658008658008658,231,route,test,0
17694,0.9195019618780808,0.012345679012345678,324,route,test,0
17695,0.917619245828698,0.00784313725490196,255,route,test,0
17696,0.9155114026914432,0.0,305,route,test,0
17697,0.9130114026914431,0.0106951871657754,187,route,test,0
17698,0.9110461620497319,0.011560693641618497,173,route,test,0
17699,0.9091241967318129,0.0,284,route,test,0
17700,0.9066241967318128,0.0049504950495049506,202,route,test,0
17701,0.9043717214842881,0.004672897196261682,214,route,test,0
17702,0.9021053663441012,0.0,235,route,test,0
17703,0.8996053663441012,0.004651162790697674,215,route,test,0
17704,0.897337924483636,0.017167381974248927,233,route,test,0
17705,0.8956962935823485,0.015151515151515152,264,route,test,0
17706,0.8939538693399243,0.010948905109489052,274,route,test,0
17707,0.8920013145953987,0.01702127659574468,235,route,test,0
17708,0.890352378425186,0.007633587786259542,524,route,test,0
17709,0.8882340578144989,0.005063291139240506,395,route,test,0
17710,0.885987222371461,0.002403846153846154,416,route,test,0
17711,0.8836074146791533,0.0038910505836575876,257,route,test,0
17712,0.8813019672083362,0.007614213197969543,394,route,test,0
17713,0.8791826778682346,0.0070921985815602835,282,route,test,0
17714,0.8770372877973126,0.00816326530612245,245,route,test,0
17715,0.8749454510626188,0.029925187032418952,401,route,test,0
17716,0.8739417104142397,0.013651877133105802,293,route,test,0
17717,0.872124304270895,0.007462686567164179,268,route,test,0
17718,0.8699974385992532,0.01366120218579235,366,route,test,0
17719,0.8681804987085429,0.014814814814814815,405,route,test,0
17720,0.8664212394492835,0.011527377521613832,347,route,test,0
17721,0.8644976083253643,0.020316027088036117,443,route,test,0
17722,0.863013409679766,0.008169934640522876,612,route,test,0
17723,0.8609219064117921,0.015655577299412915,511,route,test,0
17724,0.8592046852767627,0.024175824175824177,455,route,test,0
17725,0.857913476485554,0.011594202898550725,345,route,test,0
17726,0.8559931866304815,0.010309278350515464,388,route,test,0
17727,0.8540086505480073,0.01557632398753894,321,route,test,0
17728,0.8522874667473843,0.011730205278592375,341,route,test,0
17729,0.8503739770113139,0.012012012012012012,333,route,test,0
17730,0.8484745776119145,0.029801324503311258,302,route,test,0
17731,0.8474646438370801,0.04838709677419355,310,route,test,0
17732,0.8473839986757897,0.04105571847507331,341,route,test,0
17733,0.8469367845995434,0.03571428571428571,280,route,test,0
17734,0.8462224988852576,0.05426356589147287,258,route,test,0
17735,0.8464356771798313,0.0784313725490196,255,route,test,0
17736,0.8478572458072823,0.03626943005181347,193,route,test,0
17737,0.8471707173098729,0.06626506024096386,166,route,test,0
17738,0.8479839703219212,0.06962025316455696,158,route,test,0
17739,0.848964982980149,0.10135135135135136,148,route,test,0
17740,0.8515325505477165,0.07065217391304347,184,route,test,0
17741,0.8525651592433687,0.06077348066298342,181,route,test,0
17742,0.8531038332765178,0.06190476190476191,210,route,test,0
17743,0.8536990713717559,0.061224489795918366,196,route,test,0
17744,0.8542602958615519,0.0625,192,route,test,0
17745,0.8548852958615518,0.04419889502762431,181,route,test,0
17746,0.8545952406129331,0.06572769953051644,213,route,test,0
17747,0.855381625589459,0.0625,224,route,test,0
17748,0.856006625589459,0.058333333333333334,240,route,test,0
17749,0.8564232922561256,0.06884057971014493,276,route,test,0
17750,0.8573653212416328,0.102880658436214,243,route,test,0
17751,0.8600093541634435,0.04072398190045249,221,route,test,0
17752,0.8595455532584662,0.0430622009569378,209,route,test,0
17753,0.859198663306313,0.0299625468164794,267,route,test,0
17754,0.858196790647137,0.06642066420664207,271,route,test,0
17755,0.859017823857469,0.06228373702422145,289,route,test,0
17756,0.8596320107086801,0.10756972111553785,251,route,test,0
17757,0.862510496764457,0.08064516129032258,248,route,test,0
17758,0.8640427548289732,0.054474708171206226,257,route,test,0
17759,0.8642664902375334,0.06692913385826772,254,route,test,0
17760,0.8651129469304468,0.06643356643356643,286,route,test,0
17761,0.8659346252521252,0.05917159763313609,338,route,test,0
17762,0.866393205133782,0.061016949152542375,295,route,test,0
17763,0.8669440525914092,0.04580152671755725,262,route,test,0
17764,0.866734128927287,0.05862068965517241,290,route,test,0
17765,0.8671651634100456,0.055776892430278883,251,route,test,0
17766,0.8674540080315596,0.06048387096774194,248,route,test,0
17767,0.8679782015799467,0.04743083003952569,253,route,test,0
17768,0.867849743081923,0.05194805194805195,308,route,test,0
17769,0.8679471456793255,0.04529616724738676,287,route,test,0
17770,0.8677119540416949,0.07920792079207921,404,route,test,0
17771,0.8691723500812988,0.045454545454545456,286,route,test,0
17772,0.8689450773540262,0.06692913385826772,254,route,test,0
